Model,Region,Scenario,Model Indicator Name,Unit of Entry,2016,2017,2018,2019,2020,2021,2022,2023,2024,2025,2026,2027,2028,2029,2030,2031,2032,2033,2034,2035,2036,2037,2038,2039,2040,2041,2042,2043,2044,2045,2046,2047,2048,2049,2050,2015
RR,United States,HIGH CCS,Net Levelized Spending|BIOFUELS,$,-174363063,-246452871,-167954170,-192726261,-229282436,9413313407,19607090204,30625710472,42159901421,54610821038,66214996049,77470115635,87979846841,98087626651,1.08E+11,1.17E+11,1.26E+11,1.39E+11,1.47E+11,1.54E+11,1.61E+11,1.67E+11,1.72E+11,1.79E+11,1.85E+11,1.87E+11,1.91E+11,1.99E+11,2.04E+11,2.08E+11,2.12E+11,2.15E+11,2.23E+11,2.28E+11,2.33E+11,
RR,United States,HIGH NUCLEAR,Net Levelized Spending|BIOFUELS,$,-176433028,-247846817,-169736010,-195518505,-232332559,12712267202,25134340490,37694655568,49454135278,60679266295,71394825730,81658468232,94892436096,1.04E+11,1.13E+11,1.23E+11,1.30E+11,1.37E+11,1.50E+11,1.61E+11,1.76E+11,1.80E+11,1.84E+11,1.88E+11,1.84E+11,1.83E+11,1.79E+11,1.78E+11,1.77E+11,1.77E+11,1.79E+11,1.78E+11,1.78E+11,1.78E+11,1.80E+11,
RR,United States,HIGH RENEWABLES,Net Levelized Spending|BIOFUELS,$,-176130315,-245761293,-167231806,-192895223,6141762198,11537551542,16812271877,21965127736,26913099483,31619877426,36050542545,40262692763,44364517130,48563942701,52311020365,63120938483,71101239870,80909200558,89108414629,96110803193,1.20E+11,1.38E+11,1.62E+11,1.81E+11,1.94E+11,1.99E+11,2.03E+11,2.06E+11,2.08E+11,2.09E+11,2.09E+11,2.10E+11,2.11E+11,2.14E+11,2.17E+11,
RR,United States,MIXED RESOURCES,Net Levelized Spending|BIOFUELS,$,-176395965,-247173177,-168573057,-193258705,-228358879,11059265248,22435113221,34105992900,46379266846,58433444902,69804332003,80665447294,91112095403,1.00E+11,1.09E+11,1.23E+11,1.31E+11,1.39E+11,1.46E+11,1.52E+11,1.59E+11,1.64E+11,1.72E+11,1.77E+11,1.81E+11,1.82E+11,1.83E+11,1.85E+11,1.90E+11,1.95E+11,1.96E+11,1.98E+11,1.99E+11,2.00E+11,2.01E+11,
RR,United States,MIXED,Net Levelized Spending|BIOFUELS,$,,,,,,,,,,,,,,,,,,,,,,,,,,,,,,,,,,,,
RR,United States,NUCLEAR,Net Levelized Spending|BIOFUELS,$,,,,,,,,,,,,,,,,,,,,,,,,,,,,,,,,,,,,
RR,United States,HIGH CCS,Net Levelized Spending|BUILDING TECHNOLOGIES,$,215597103,-44813758,-913658193,-3259422658,-7662636851,-12027415580,-13586152338,-13070162934,-11597901403,-9590369861,-7063065357,-3939390233,33392678,4948541613,10769430372,17376363361,24430939255,31719408977,39042908452,46215156959,53020071370,59142362033,64356776194,68594087751,72067006931,74983349978,77541746561,79889136580,82142561687,84418338508,86807357311,89387043986,92196564290,95164297026,98228964827,
RR,United States,HIGH NUCLEAR,Net Levelized Spending|BUILDING TECHNOLOGIES,$,215597103,-44813758,-913658193,-3259422658,-7662636851,-12027415580,-13586152338,-13070162934,-11597901403,-9590369861,-7063065357,-3939390233,33392678,4948541613,10769430372,17376363361,24430939255,31719408977,39042908452,46215156959,53020071370,59142362033,64356776194,68594087751,72067006931,74983349978,77541746561,79889136580,82142561687,84418338508,86807357311,89387043986,92196564290,95164297026,98228964827,
RR,United States,HIGH RENEWABLES,Net Levelized Spending|BUILDING TECHNOLOGIES,$,215597103,-44813758,-913658193,-3259422658,-7662636851,-12027415580,-13586152338,-13070162934,-11597901403,-9590369861,-7063065357,-3939390233,33392678,4948541613,10769430372,17376363361,24430939255,31719408977,39042908452,46215156959,53020071370,59142362033,64356776194,68594087751,72067006931,74983349978,77541746561,79889136580,82142561687,84418338508,86807357311,89387043986,92196564290,95164297026,98228964827,
RR,United States,MIXED RESOURCES,Net Levelized Spending|BUILDING TECHNOLOGIES,$,215597103,-44813758,-913658193,-3259422658,-7662636851,-12027415580,-13586152338,-13070162934,-11597901403,-9590369861,-7063065357,-3939390233,33392678,4948541613,10769430372,17376363361,24430939255,31719408977,39042908452,46215156959,53020071370,59142362033,64356776194,68594087751,72067006931,74983349978,77541746561,79889136580,82142561687,84418338508,86807357311,89387043986,92196564290,95164297026,98228964827,
RR,United States,MIXED,Net Levelized Spending|BUILDING TECHNOLOGIES,$,,,,,,,,,,,,,,,,,,,,,,,,,,,,,,,,,,,,
RR,United States,NUCLEAR,Net Levelized Spending|BUILDING TECHNOLOGIES,$,,,,,,,,,,,,,,,,,,,,,,,,,,,,,,,,,,,,
RR,United States,HIGH CCS,Net Levelized Spending|COAL,$,-6573781929,-11489305250,-13970043771,-16247955189,-17832885245,-19120662538,-19925883781,-20548329496,-20617336366,-19848240682,-19798699684,-19284599237,-18372058012,-17794058100,-18619551968,-17027632739,-17574829552,-15442712719,-15522254574,-13945141136,-12188608112,-12545303377,-11257419382,-10499360485,-9901366007,-9317505245,-9219924311,-9130137109,-9093280646,-9237473689,-10028491797,-10662029211,-12984740577,-13858150469,-14475202225,
RR,United States,HIGH NUCLEAR,Net Levelized Spending|COAL,$,-6725121536,-12920619568,-16372376885,-19526843149,-22571946765,-24646954162,-26012095448,-27320173217,-28282802925,-28672410982,-29923758771,-30467658121,-30813187765,-31047959863,-30849916338,-28908252808,-25984770520,-23843649999,-25399487812,-22920186977,-25176304720,-24680108539,-24594548087,-25052608961,-24980219937,-27830288197,-29104798878,-31027756026,-32891486068,-34990203923,-37018621327,-39041496055,-42436714332,-44168858513,-45575731662,
RR,United States,HIGH RENEWABLES,Net Levelized Spending|COAL,$,-6130544163,-11838396349,-14830941654,-17972701300,-20201055697,-21034540124,-21792139744,-22588754745,-23329289129,-23715521263,-24800852330,-25227669517,-25564035704,-25839891368,-26135823309,-28200884949,-27483584930,-28464007681,-28378484321,-29635637977,-29116916761,-28531507241,-30971231025,-31044895201,-31713702690,-32411946882,-33376051291,-34347456701,-35543496919,-36939349493,-38215025961,-39754290530,-42916126136,-44511999292,-45726805692,
RR,United States,MIXED RESOURCES,Net Levelized Spending|COAL,$,-6798000951,-12288125482,-15418867888,-18347421668,-21363047167,-23291518122,-24763091088,-26091930196,-26915637580,-27259694808,-28314941403,-28659383155,-28747141310,-29991616137,-29714610056,-29534341483,-29838029983,-28925717877,-31945520195,-31024673845,-30132415375,-29482525580,-31755444859,-31798524635,-32338073379,-32850861479,-33491504500,-34381533965,-36414932962,-37350284448,-38459385074,-39895454127,-43042682577,-44621823378,-45840313419,
RR,United States,MIXED,Net Levelized Spending|COAL,$,,,,,,,,,,,,,,,,,,,,,,,,,,,,,,,,,,,,
RR,United States,NUCLEAR,Net Levelized Spending|COAL,$,,,,,,,,,,,,,,,,,,,,,,,,,,,,,,,,,,,,
RR,United States,HIGH CCS,Net Levelized Spending|FOSSIL POWER PLANTS,$,-3935735574,-6143076097,-6967450803,-7651521992,-8315141861,-9318693957,-11299877430,-14136137304,-17604632512,-21718986021,-25314535395,-28720270085,-32214152203,-35668289960,-38917802904,-41438086334,-45271008173,-48131323664,-52388638020,-54191674875,-57188410250,-60584491655,-63390939123,-67161792647,-71340805628,-75547536706,-79131238874,-82909116460,-86251954215,-89525971507,-92898461006,-95093472983,-98508629804,-1.02E+11,-1.06E+11,
RR,United States,HIGH NUCLEAR,Net Levelized Spending|FOSSIL POWER PLANTS,$,-6431734865,-11079464019,-14375816434,-17423062855,-21169797534,-24767129756,-28690898775,-32905810550,-37028723964,-41301615793,-45190775383,-48848126296,-52596471808,-56254859735,-59968664275,-63722620387,-67262159313,-69590166427,-69907582973,-70752062348,-72544377147,-72907885048,-76952782515,-80599504086,-85533375424,-89767377654,-93522267981,-98196371112,-1.02E+11,-1.06E+11,-1.11E+11,-1.14E+11,-1.18E+11,-1.22E+11,-1.25E+11,
RR,United States,HIGH RENEWABLES,Net Levelized Spending|FOSSIL POWER PLANTS,$,-6138154670,-10637911233,-13685746050,-16637205073,-20181934628,-23584409630,-27532452840,-31762242377,-35936207233,-40350605041,-44377286889,-48223571551,-52180142321,-56122211349,-59688109963,-60684460795,-62876775632,-65769563773,-67168365868,-67785507073,-70100550877,-73730883246,-69542979014,-71574874515,-76247099923,-80882660332,-85060646536,-89109727999,-92726263344,-96014311903,-99809530764,-1.02E+11,-1.05E+11,-1.09E+11,-1.12E+11,
RR,United States,MIXED RESOURCES,Net Levelized Spending|FOSSIL POWER PLANTS,$,-6450359930,-10806969293,-13946088909,-16841132740,-20402504989,-23693514339,-27391492067,-31420270540,-35230591670,-39165624693,-42783721508,-46214524954,-49769951798,-53035389980,-55803331014,-58492227221,-62767862033,-64849433963,-67296015752,-68566872166,-72456795574,-77733863967,-75463885228,-86225263686,-92091957162,-95393926061,-99423922881,-1.03E+11,-1.03E+11,-1.04E+11,-1.10E+11,-1.12E+11,-1.15E+11,-1.20E+11,-1.23E+11,
RR,United States,MIXED,Net Levelized Spending|FOSSIL POWER PLANTS,$,,,,,,,,,,,,,,,,,,,,,,,,,,,,,,,,,,,,
RR,United States,NUCLEAR,Net Levelized Spending|FOSSIL POWER PLANTS,$,,,,,,,,,,,,,,,,,,,,,,,,,,,,,,,,,,,,
RR,United States,HIGH CCS,Net Levelized Spending|FOSSIL POWER PLANTS W/CCS,$,0,0,0,0,0,1176089685,3590499917,7204466481,11831265438,17245642021,22196787391,26648796216,30615027316,34631062976,41812477005,46004527565,54226243537,58739043536,69480210497,80740768657,86617372199,95555387259,1.01E+11,1.05E+11,1.09E+11,1.13E+11,1.17E+11,1.21E+11,1.25E+11,1.28E+11,1.33E+11,1.38E+11,1.41E+11,1.45E+11,1.46E+11,
RR,United States,HIGH NUCLEAR,Net Levelized Spending|FOSSIL POWER PLANTS W/CCS,$,0,0,0,0,0,0,0,0,0,0,0,0,0,0,0,0,0,0,0,0,0,0,0,0,0,0,0,0,0,0,0,0,0,0,0,
RR,United States,HIGH RENEWABLES,Net Levelized Spending|FOSSIL POWER PLANTS W/CCS,$,0,0,0,0,0,0,0,0,0,0,0,0,0,0,0,0,0,0,0,0,0,0,0,0,0,0,0,0,0,0,0,0,0,0,0,
RR,United States,MIXED RESOURCES,Net Levelized Spending|FOSSIL POWER PLANTS W/CCS,$,0,0,0,0,0,0,0,0,0,0,0,0,0,2998760555,3992330173,5377563123,10333565387,15032176446,28524512447,31865191465,31899118281,33876173071,35115410501,45845976809,49160979948,49252733322,49085767078,49660754127,49596289274,49290065733,50305050913,50226559456,49795952545,46772435118,46130414123,
RR,United States,MIXED,Net Levelized Spending|FOSSIL POWER PLANTS W/CCS,$,,,,,,,,,,,,,,,,,,,,,,,,,,,,,,,,,,,,
RR,United States,NUCLEAR,Net Levelized Spending|FOSSIL POWER PLANTS W/CCS,$,,,,,,,,,,,,,,,,,,,,,,,,,,,,,,,,,,,,
RR,United States,HIGH CCS,Net Levelized Spending|NATURAL GAS,$,11313638322,18217456151,21752919520,26072802971,28644017089,30147750270,30536167802,30892616880,30731415266,28785623378,28227996275,26605089744,24591138994,22671558634,23161843631,20012942276,20563353333,16660999976,15934270894,10598003707,6600108026,6508701639,2550853839,-1322367432,-5423958487,-10328117999,-14865506771,-19239835583,-24298133338,-29228303102,-32909677241,-37265877949,-38135437240,-42452026732,-47401990332,
RR,United States,HIGH NUCLEAR,Net Levelized Spending|NATURAL GAS,$,10742674893,16983940696,19675086743,23524204188,26918881860,24980726247,22383373185,19469539934,15625597662,10584172345,7144288512,2893962207,-1303669917,-5821553520,-10892605585,-16748078320,-24247528188,-32821144168,-35943780187,-46631276147,-50860955005,-59034045058,-68424758444,-77174869486,-87447153938,-95239350348,-1.05E+11,-1.14E+11,-1.24E+11,-1.34E+11,-1.42E+11,-1.50E+11,-1.54E+11,-1.60E+11,-1.66E+11,
RR,United States,HIGH RENEWABLES,Net Levelized Spending|NATURAL GAS,$,11033655278,17754449110,21144243603,25609168000,26370710771,25499813253,23444422985,20979584348,17849951375,13560400222,10474133019,6332892166,2207700318,-2441112143,-6917201432,-10875513445,-20311860813,-26523686486,-35805070596,-44524660723,-60381059882,-76610704380,-90269796600,-1.06E+11,-1.21E+11,-1.33E+11,-1.44E+11,-1.55E+11,-1.65E+11,-1.75E+11,-1.85E+11,-1.93E+11,-1.97E+11,-2.04E+11,-2.11E+11,
RR,United States,MIXED RESOURCES,Net Levelized Spending|NATURAL GAS,$,10729581827,17343110348,20694723151,25268012651,29744145836,30138963593,29920677357,29789113541,28994439140,27540516678,27104539329,25712961012,24169361811,23517827330,21729547408,20189172000,19072430499,14540157220,16181289371,13354923500,9483772487,5416408243,5101704601,1387299232,-3814761591,-8507549578,-13513140407,-18911567640,-22391759957,-29036465318,-35235473363,-41102413248,-43484500611,-49291046324,-56123724775,
RR,United States,MIXED,Net Levelized Spending|NATURAL GAS,$,,,,,,,,,,,,,,,,,,,,,,,,,,,,,,,,,,,,
RR,United States,NUCLEAR,Net Levelized Spending|NATURAL GAS,$,,,,,,,,,,,,,,,,,,,,,,,,,,,,,,,,,,,,
RR,United States,HIGH CCS,Net Levelized Spending|NUCLEAR POWER PLANTS,$,23370691.98,114561276.9,89526818.13,40369999.52,-23564238.29,3831409.72,-5947393.67,15724091.33,56013641.1,65528927.95,89922782.66,118804146.8,120867008.2,122131144.6,141791876.3,190658301.2,214090672.2,220705869.4,237020672,229399451.4,210575807.1,207289529.9,196684226.5,171683528.4,156642684.1,140879936.9,135831756,117220249.8,93760613.64,82922630.71,81305335.42,56104201.04,33138428.04,2290893.29,-8446748.67,
RR,United States,HIGH NUCLEAR,Net Levelized Spending|NUCLEAR POWER PLANTS,$,,,,,,,,,,,,,,,,,,,,,,,,,,,,,,,,,,,,
RR,United States,HIGH RENEWABLES,Net Levelized Spending|NUCLEAR POWER PLANTS,$,35367227.1,117514268.6,102597938.3,64376315.14,-47683793.25,-217260290,-409942910.8,-549219016.8,-636908955.5,-716029751.7,-721242986.5,-766628752.4,-800992289.9,-845114803.7,-917677754.8,-959910421.9,-1060895043,-1116798584,-1209137968,-1307028908,-1414110500,-1543136176,-1648493038,-1807824187,-1952704466,-2182786435,-2387672586,-2597056527,-2840381579,-3018496191,-3265776112,-3437320829,-3704137456,-3909423034,-4114245489,
RR,United States,MIXED RESOURCES,Net Levelized Spending|NUCLEAR POWER PLANTS,$,,,,,,,,,,,,,,,,,,,,,,,,,,,,,,,,,,,,
RR,United States,MIXED,Net Levelized Spending|NUCLEAR POWER PLANTS,$,2903257091,4383250255,6310422636,7320745650,8416002698,10055120888,11905555346,13890689463,15892132736,17746887228,19793734996,21703469776,23706177025,25621950247,27587872756,29336959244,31434067766,33392740060,35363121490,37200864984,39027409275,40635667206,42273123220,43667353914,44792376371,45756116967,46891139034,47827368457,48879000565,49852630579,50810575078,51755013506,52632927383,53614060057,54509994534,
RR,United States,NUCLEAR,Net Levelized Spending|NUCLEAR POWER PLANTS,$,2591034537,6274732184,10171203581,12587545934,15034384725,19415718118,23252988127,26993740829,30981969192,34712193377,38522897041,42405454442,46122249883,49976321248,53558440493,56696336181,59961513073,63455028670,66718204250,70214619467,73419698736,76726050599,79681788272,82758299726,85397732789,87897541082,90573328709,93009828790,95552133849,98048846147,1.01E+11,1.03E+11,1.05E+11,1.08E+11,1.10E+11,
RR,United States,HIGH CCS,Net Levelized Spending|OTHER,$,81337720,683173114,-27060970,-266071903,-1766573174,-2969267466,-4329900942,-5327426338,-7672530917,-5851163361,-6142391244,-5783942751,-4897007389,-3329591220,-1918828932,-1488259908,2785457900,5315029461,8464056736,10783422314,13145415363,14891961143,17922839820,19982171944,20542267898,21132220922,20803190970,21467757229,21169773557,21607508938,22359646833,23315233077,24083497704,24970342609,32879694317,
RR,United States,HIGH NUCLEAR,Net Levelized Spending|OTHER,$,68238730,552289825,-99617642,-9512774,-1546126722,-2694011299,-3372035447,-3734239761,-5369995205,-2213559123,-520509970,2104642084,5664316927,10797965026,16443359206,21563431810,26347779826,32920352540,40668990592,45351442761,51831847662,56311722594,60456699980,64168126901,67300004278,69621019308,70956749000,70938311269,71987244995,70639837281,68516657105,67305416333,67262854594,67337932520,74258426009,
RR,United States,HIGH RENEWABLES,Net Levelized Spending|OTHER,$,-25547787,550487587,-206215965,-404649661,-1908727802,-3403648325,-4385015416,-5407688731,-8234203844,-6781844877,-7387598103,-7496566458,-7311760457,-6480961599,-6979579599,-3885344416,-3040212905,-1168427504,1957584779,2984933133,6160779779,7353740787,9032006428,11880336548,12747002879,15027289164,17864358313,20588246818,23333082425,26662108496,30004528388,31807280782,35746751443,40484985378,45379294166,
RR,United States,MIXED RESOURCES,Net Levelized Spending|OTHER,$,-24647049,2602203416,-155027153,-260569815,-1527582353,-2728089009,-3593501563,-3916721641,-5620462769,-2896679017,-2079708203,-401959171,1980801462,5951740952,9914062210,13518810105,17194415141,21323023134,27664795581,33173874662,35501925584,39831128365,43781031365,43911163418,46859461363,48217314915,48833184673,52048661179,50784276187,49514570036,46162735245,45732089242,45397509603,48676216743,53048130710,
RR,United States,MIXED,Net Levelized Spending|OTHER,$,,,,,,,,,,,,,,,,,,,,,,,,,,,,,,,,,,,,
RR,United States,NUCLEAR,Net Levelized Spending|OTHER,$,,,,,,,,,,,,,,,,,,,,,,,,,,,,,,,,,,,,
RR,United States,HIGH CCS,Net Levelized Spending|OTHER EFFICIENCY,$,,285053531,587145283,904822259,1239134071,1930830712,2647444179,3389318102,4154869531,4941869839,5752044416,6579879278,7428967059,8292866317,9171772884,10064186260,10966248855,11876037802,12789056106,13708403385,14626906638,15545230158,16461476484,17376865818,18286609610,19221729337,20115444325,21001378173,21870900692,22725614463,23560122213,24376263414,25168621410,25944443010,26701370846,
RR,United States,HIGH NUCLEAR,Net Levelized Spending|OTHER EFFICIENCY,$,,285053531,587145283,904822259,1239134071,1930830712,2647444179,3389318102,4154869531,4941869839,5752044416,6579879278,7428967059,8292866317,9171772884,10064186260,10966248855,11876037802,12789056106,13708403385,14626906638,15545230158,16461476484,17376865818,18286609610,19221729337,20115444325,21001378173,21870900692,22725614463,23560122213,24376263414,25168621410,25944443010,26701370846,
RR,United States,HIGH RENEWABLES,Net Levelized Spending|OTHER EFFICIENCY,$,,285053531,587145283,904822259,1239134071,1930830712,2647444179,3389318102,4154869531,4941869839,5752044416,6579879278,7428967059,8292866317,9171772884,10064186260,10966248855,11876037802,12789056106,13708403385,14626906638,15545230158,16461476484,17376865818,18286609610,19221729337,20115444325,21001378173,21870900692,22725614463,23560122213,24376263414,25168621410,25944443010,26701370846,
RR,United States,MIXED RESOURCES,Net Levelized Spending|OTHER EFFICIENCY,$,,285053531,587145283,904822259,1239134071,1930830712,2647444179,3389318102,4154869531,4941869839,5752044416,6579879278,7428967059,8292866317,9171772884,10064186260,10966248855,11876037802,12789056106,13708403385,14626906638,15545230158,16461476484,17376865818,18286609610,19221729337,20115444325,21001378173,21870900692,22725614463,23560122213,24376263414,25168621410,25944443010,26701370846,
RR,United States,MIXED,Net Levelized Spending|OTHER EFFICIENCY,$,,,,,,,,,,,,,,,,,,,,,,,,,,,,,,,,,,,,
RR,United States,NUCLEAR,Net Levelized Spending|OTHER EFFICIENCY,$,,,,,,,,,,,,,,,,,,,,,,,,,,,,,,,,,,,,
RR,United States,HIGH CCS,Net Levelized Spending|PETROLEUM PRODUCTS,$,-780453364,901941058,3298288988,5686876886,6112516698,-774444960,-9722296741,-20844063240,-35122146975,-51138685247,-70120742996,-91051316840,-1.15E+11,-1.40E+11,-1.69E+11,-1.97E+11,-2.26E+11,-2.55E+11,-2.88E+11,-3.20E+11,-3.52E+11,-3.84E+11,-4.16E+11,-4.47E+11,-4.75E+11,-5.04E+11,-5.32E+11,-5.59E+11,-5.85E+11,-6.09E+11,-6.33E+11,-6.56E+11,-6.79E+11,-7.02E+11,-7.24E+11,
RR,United States,HIGH NUCLEAR,Net Levelized Spending|PETROLEUM PRODUCTS,$,-1139187983,-328931147,1656246278,4072846215,5251729106,-3207455775,-13642106783,-26232460788,-41354957720,-58162553996,-77770247728,-99456040770,-1.23E+11,-1.49E+11,-1.76E+11,-2.02E+11,-2.29E+11,-2.57E+11,-2.87E+11,-3.17E+11,-3.50E+11,-3.78E+11,-4.08E+11,-4.40E+11,-4.68E+11,-4.99E+11,-5.26E+11,-5.53E+11,-5.80E+11,-6.05E+11,-6.29E+11,-6.51E+11,-6.74E+11,-6.96E+11,-7.17E+11,
RR,United States,HIGH RENEWABLES,Net Levelized Spending|PETROLEUM PRODUCTS,$,-960703934,182933628,2592123424,5584491789,6015034791,4165864258,4680418,-6376052388,-14693486743,-25621676263,-40093718592,-57031774474,-76263685374,-97222050530,-1.20E+11,-1.46E+11,-1.71E+11,-1.98E+11,-2.27E+11,-2.57E+11,-2.88E+11,-3.16E+11,-3.56E+11,-3.84E+11,-4.10E+11,-4.37E+11,-4.61E+11,-4.85E+11,-5.06E+11,-5.26E+11,-5.44E+11,-5.61E+11,-5.77E+11,-5.93E+11,-6.09E+11,
RR,United States,MIXED RESOURCES,Net Levelized Spending|PETROLEUM PRODUCTS,$,-1177049599,18085564,2331422144,5169742550,6938032999,-518317221,-9974442770,-22162834622,-36658610561,-52696928295,-72525401185,-94572710364,-1.19E+11,-1.47E+11,-1.75E+11,-2.03E+11,-2.34E+11,-2.62E+11,-3.00E+11,-3.33E+11,-3.64E+11,-3.92E+11,-4.28E+11,-4.59E+11,-4.86E+11,-5.15E+11,-5.42E+11,-5.68E+11,-5.95E+11,-6.17E+11,-6.39E+11,-6.61E+11,-6.83E+11,-7.04E+11,-7.25E+11,
RR,United States,MIXED,Net Levelized Spending|PETROLEUM PRODUCTS,$,,,,,,,,,,,,,,,,,,,,,,,,,,,,,,,,,,,,
RR,United States,NUCLEAR,Net Levelized Spending|PETROLEUM PRODUCTS,$,,,,,,,,,,,,,,,,,,,,,,,,,,,,,,,,,,,,
RR,United States,HIGH CCS,Net Levelized Spending|RENEWABLE POWER PLANTS,$,-5176900475,3107809913,9114324761,13120397691,16999442323,20932420249,24698676872,28384601090,31872996549,35090021374,38265489322,42629567569,47289473468,53250463015,59469656796,65891710556,72559386479,79471611319,86629228117,99994348259,1.07E+11,1.07E+11,1.09E+11,1.12E+11,1.16E+11,1.21E+11,1.27E+11,1.33E+11,1.40E+11,1.47E+11,1.54E+11,1.60E+11,1.65E+11,1.69E+11,1.73E+11,
RR,United States,HIGH NUCLEAR,Net Levelized Spending|RENEWABLE POWER PLANTS,$,-5180947042,7451242882,15750595143,23164475865,30798982404,38083873917,45306002790,53065289147,62385203352,72784865281,84463699961,97067896186,1.10E+11,1.25E+11,1.40E+11,1.59E+11,1.79E+11,2.00E+11,2.21E+11,2.52E+11,2.74E+11,2.89E+11,3.07E+11,3.24E+11,3.42E+11,3.60E+11,3.79E+11,3.97E+11,4.14E+11,4.29E+11,4.42E+11,4.55E+11,4.66E+11,4.76E+11,4.87E+11,
RR,United States,HIGH RENEWABLES,Net Levelized Spending|RENEWABLE POWER PLANTS,$,-5181458739,10797350793,21780647588,32174360043,42247921710,52347191512,63552760357,76129921514,89423829871,1.04E+11,1.19E+11,1.34E+11,1.50E+11,1.66E+11,1.81E+11,1.99E+11,2.17E+11,2.37E+11,2.57E+11,2.83E+11,3.03E+11,3.11E+11,3.23E+11,3.35E+11,3.48E+11,3.65E+11,3.82E+11,3.99E+11,4.15E+11,4.31E+11,4.48E+11,4.64E+11,4.81E+11,4.97E+11,5.15E+11,
RR,United States,MIXED RESOURCES,Net Levelized Spending|RENEWABLE POWER PLANTS,$,-5179822071,5084288714,12433515973,18317744264,24305180309,30365911277,36123007254,42062775942,47583253529,53039935663,60227740160,68354577675,77329550653,87297614325,97491527958,1.08E+11,1.20E+11,1.32E+11,1.48E+11,1.71E+11,1.86E+11,1.94E+11,2.05E+11,2.16E+11,2.29E+11,2.37E+11,2.45E+11,2.54E+11,2.64E+11,2.74E+11,2.83E+11,2.91E+11,2.97E+11,3.04E+11,3.10E+11,
RR,United States,MIXED,Net Levelized Spending|RENEWABLE POWER PLANTS,$,,,,,,,,,,,,,,,,,,,,,,,,,,,,,,,,,,,,
RR,United States,NUCLEAR,Net Levelized Spending|RENEWABLE POWER PLANTS,$,,,,,,,,,,,,,,,,,,,,,,,,,,,,,,,,,,,,
RR,United States,HIGH CCS,Net Levelized Spending|SYNTHETIC FUELS,$,11604035,32141107,65319633,120388993,210828559,385184650,707577862,1270863717,2203941078,3644717333,5517816436,7802576663,10422974900,13305111317,16347560701,19494422060,22696939622,25895990659,29078324426,32208773116,35247502031,38136867344,40851957752,43316996962,45478666046,47259326522,48583146880,49365530357,49504728365,48903794239,47686254964,45919566796,43720500014,41195040449,38467936086,
RR,United States,HIGH NUCLEAR,Net Levelized Spending|SYNTHETIC FUELS,$,32988811,89808203,182724202,339005347,570856996,950607371,1532776493,2393766649,3612157900,5237347523,7348071299,9918385558,12868526949,16106278724,19530206795,31811023297,43717347528,55075477582,67284028335,77650607001,89236296819,98982451400,1.07E+11,1.15E+11,1.20E+11,1.27E+11,1.30E+11,1.32E+11,1.33E+11,1.33E+11,1.33E+11,1.31E+11,1.29E+11,1.27E+11,1.26E+11,
RR,United States,HIGH RENEWABLES,Net Levelized Spending|SYNTHETIC FUELS,$,,,,,,2257123916,4459934645,6571136908,8563751950,10469640718,12257549393,13945946259,15584484643,17100684996,18581719571,22620379557,25873207032,29534571974,32641179390,36051729057,38360489813,40421403108,42959116228,44652316636,46156154297,49332536141,52290567527,54679731276,56759236806,58497853258,60226403004,61975156746,63724749653,65719926332,67912325824,
RR,United States,MIXED RESOURCES,Net Levelized Spending|SYNTHETIC FUELS,$,22801977,61812374,124965382,228117963,394433833,670199658,1118278130,1820462082,2875264554,4369768258,6311322979,8676735989,11391140051,14371976758,17522676589,21523439501,25589076570,29628040092,33742311820,37748668208,41595831795,45244516557,48756870828,51874809552,54572606442,56833063278,58545056725,59640404350,60163147342,59811603639,58811421546,57187403667,55081874278,52608556000,49858008448,
RR,United States,MIXED,Net Levelized Spending|SYNTHETIC FUELS,$,,,,,,,,,,,,,,,,,,,,,,,,,,,,,,,,,,,,
RR,United States,NUCLEAR,Net Levelized Spending|SYNTHETIC FUELS,$,,,,,,,,,,,,,,,,,,,,,,,,,,,,,,,,,,,,
RR,United States,HIGH CCS,Net Levelized Spending|VEHICLES,$,1037320814,1574012993,2377105496,3614208875,5457628328,8325621164,12671686099,19052270313,28002349488,39808871685,54373044528,71125450660,89214705457,1.08E+11,1.26E+11,1.44E+11,1.61E+11,1.79E+11,1.95E+11,2.10E+11,2.24E+11,2.35E+11,2.43E+11,2.49E+11,2.50E+11,2.49E+11,2.45E+11,2.39E+11,2.33E+11,2.27E+11,2.20E+11,2.13E+11,2.06E+11,2.00E+11,1.95E+11,
RR,United States,HIGH NUCLEAR,Net Levelized Spending|VEHICLES,$,952338150,1351944460,1935966459,2828501721,4141262977,6166696491,9208065077,13635847599,19795118999,27840021237,37616104812,48662157834,60335312084,72024291882,83188850642,93614874116,1.04E+11,1.15E+11,1.25E+11,1.34E+11,1.42E+11,1.49E+11,1.54E+11,1.57E+11,1.58E+11,1.56E+11,1.54E+11,1.50E+11,1.47E+11,1.43E+11,1.39E+11,1.34E+11,1.30E+11,1.26E+11,1.22E+11,
RR,United States,HIGH RENEWABLES,Net Levelized Spending|VEHICLES,$,821625610,1358495387,2176876191,3464072789,5430441651,8507765470,13200686886,20136855975,29937951998,42976770553,59229685728,78151457159,98873169654,1.21E+11,1.42E+11,1.63E+11,1.85E+11,2.05E+11,2.25E+11,2.43E+11,2.60E+11,2.74E+11,2.85E+11,2.93E+11,2.96E+11,2.96E+11,2.93E+11,2.88E+11,2.82E+11,2.75E+11,2.68E+11,2.60E+11,2.53E+11,2.46E+11,2.40E+11,
RR,United States,MIXED RESOURCES,Net Levelized Spending|VEHICLES,$,997478317,1469928942,2170451225,3246502034,4842590920,7318404177,11058397694,16534113238,24194521212,34267043506,46622673577,60738600230,75856198249,91233214743,1.06E+11,1.20E+11,1.35E+11,1.49E+11,1.62E+11,1.75E+11,1.86E+11,1.95E+11,2.02E+11,2.06E+11,2.07E+11,2.06E+11,2.03E+11,1.99E+11,1.94E+11,1.88E+11,1.83E+11,1.77E+11,1.72E+11,1.67E+11,1.62E+11,
RR,United States,MIXED,Net Levelized Spending|VEHICLES,$,,,,,,,,,,,,,,,,,,,,,,,,,,,,,,,,,,,,
RR,United States,NUCLEAR,Net Levelized Spending|VEHICLES,$,,,,,,,,,,,,,,,,,,,,,,,,,,,,,,,,,,,,
RR,United States,HIGH CCS,Net Levelized Spending|TOTAL,$,-3980231692,6930538093,15182477198,21909474390,22831990924,28081112657,35569237958,46883268600,58349058067,75999657680,92141751610,1.10E+11,1.27E+11,1.46E+11,1.67E+11,1.83E+11,2.07E+11,2.29E+11,2.47E+11,2.70E+11,2.80E+11,2.82E+11,2.77E+11,2.68E+11,2.55E+11,2.33E+11,2.11E+11,1.94E+11,1.71E+11,1.50E+11,1.31E+11,1.10E+11,93004198803,70177590126,50756891738,
RR,United States,HIGH NUCLEAR,Net Levelized Spending|TOTAL,$,-6352390186,5206924224,12944901120,20770193104,23327908757,27296631254,32649019454,40084253481,47056886168,59769198576,72884013704,87789078936,1.07E+11,1.25E+11,1.42E+11,1.74E+11,2.03E+11,2.34E+11,2.72E+11,3.09E+11,3.41E+11,3.53E+11,3.56E+11,3.54E+11,3.40E+11,3.23E+11,3.05E+11,2.81E+11,2.59E+11,2.32E+11,2.06E+11,1.80E+11,1.56E+11,1.32E+11,1.19E+11,
RR,United States,HIGH RENEWABLES,Net Levelized Spending|TOTAL,$,-6536446479,8210952288,18514859127,29290573105,37452855399,46064194100,56599404153,69674011195,82711865046,1.01E+11,1.19E+11,1.37E+11,1.56E+11,1.76E+11,1.94E+11,2.25E+11,2.49E+11,2.75E+11,2.99E+11,3.21E+11,3.47E+11,3.50E+11,3.55E+11,3.57E+11,3.48E+11,3.35E+11,3.21E+11,3.05E+11,2.88E+11,2.72E+11,2.56E+11,2.44E+11,2.37E+11,2.33E+11,2.31E+11,
RR,United States,MIXED RESOURCES,Net Levelized Spending|TOTAL,$,-6395413623,5656363891,10912268929,17961729214,20564930278,24311052070,30049977319,38099055988,46215398442,60040395813,73127123508,88026270747,1.04E+11,1.22E+11,1.40E+11,1.64E+11,1.83E+11,2.05E+11,2.33E+11,2.61E+11,2.71E+11,2.75E+11,2.80E+11,2.75E+11,2.67E+11,2.46E+11,2.22E+11,2.01E+11,1.82E+11,1.62E+11,1.32E+11,1.06E+11,80106294676,50732262924,25489020931,
RR,United States,MIXED,Net Levelized Spending|TOTAL,$,,,,,,,,,,,,,,,,,,,,,,,,,,,,,,,,,,,,
RR,United States,NUCLEAR,Net Levelized Spending|TOTAL,$,,,,,,,,,,,,,,,,,,,,,,,,,,,,,,,,,,,,
RR,United States,MIXED RESOURCES,Net Annual Spending|BIOFUELS,$,-188044302.6,-269679588,-189310403.6,-212678941.7,-247646908.7,57853568662,60696804088,62591834510,64424990934,65993412533,65293901250,65672143651,65913001453,61872451924,62550974341,69396281485,60069643709,63796482423,54870859326,57799349634,65318957561,62853288774,56994785827,67792505508,67546311231,77017536328,84615579842,90460801921,90480523831,1.14E+11,98852133791,97631487941,95778361939,91763471555,94538277558,
RR,United States,HIGH RENEWABLES,Net Annual Spending|BIOFUELS,$,-187790409.6,-268422291.8,-187866981.7,-212224051.9,17559450940,17231190371,17968297685,18584537954,19084986666,19462223015,19559107917,20413522641,20876095120,21168026362,21560926281,38972096426,32578523367,38601761702,35994644366,38142592622,80492421614,77227056905,90225108869,88351761118,87826874399,69248139981,71040879927,68334579723,67191396486,65110886650,66111943062,67953680411,70287513601,73975855681,77696478455,
RR,United States,HIGH NUCLEAR,Net Annual Spending|BIOFUELS,$,-188263040.5,-270430533.7,-190810671,-215737258.2,-251979683.3,63059125350,65418337935,67570247001,68367155362,69105910562,69341730647,70399622803,74187770269,74639294416,73912738948,74433960995,69737242123,70758844884,91016694451,81266030381,1.04E+11,84560296634,82582070350,87396339762,55189048842,90255165382,90172701256,1.02E+11,1.11E+11,1.16E+11,1.21E+11,1.07E+11,1.12E+11,1.14E+11,1.13E+11,
RR,United States,HIGH CCS,Net Annual Spending|BIOFUELS,$,-185622039,-268388171.9,-188332539.7,-212019723,-248849624.8,52313815921,55087840268,57303117273,58109370248,59477721155,59775457293,60813127595,59681695217,59787278093,59764671637,57199207096,58033339635,62930404671,58530699009,56838706637,61833670058,53462810935,57302858549,62558329375,61630587263,68517561688,76608173565,83766662331,90478074414,90274584074,88130481401,89446574605,93458061078,97021478109,97928861628,
RR,United States,,Net Annual Spending|BIOFUELS,$,,,,,,,,,,,,,,,,,,,,,,,,,,,,,,,,,,,,
RR,United States,MIXED RESOURCES,Net Annual Spending|BUILDING TECHNOLOGIES,$,932080786,1225798944,1538571434,1678165647,957731161.5,-30665873.32,-373716396.8,1054625648,3911718105,7188536462,11003921618,14350822763,16581243491,17451418795,17919582313,18349083358,19096055573,20038881447,21873966203,24300643888,27274933224,30512836300,34082965523,37751733759,41357078855,44573380800,47546951464,50077482207,52032638526,53478963459,54454026004,55034111415,55422565568,55729076412,56088300783,
RR,United States,HIGH RENEWABLES,Net Annual Spending|BUILDING TECHNOLOGIES,$,932080786,1225798944,1538571434,1678165647,957731161.5,-30665873.32,-373716396.8,1054625648,3911718105,7188536462,11003921618,14350822763,16581243491,17451418795,17919582313,18349083358,19096055573,20038881447,21873966203,24300643888,27274933224,30512836300,34082965523,37751733759,41357078855,44573380800,47546951464,50077482207,52032638526,53478963459,54454026004,55034111415,55422565568,55729076412,56088300783,
RR,United States,HIGH NUCLEAR,Net Annual Spending|BUILDING TECHNOLOGIES,$,932080786,1225798944,1538571434,1678165647,957731161.5,-30665873.32,-373716396.8,1054625648,3911718105,7188536462,11003921618,14350822763,16581243491,17451418795,17919582313,18349083358,19096055573,20038881447,21873966203,24300643888,27274933224,30512836300,34082965523,37751733759,41357078855,44573380800,47546951464,50077482207,52032638526,53478963459,54454026004,55034111415,55422565568,55729076412,56088300783,
RR,United States,HIGH CCS,Net Annual Spending|BUILDING TECHNOLOGIES,$,932080786,1225798944,1538571434,1678165647,957731161.5,-30665873.32,-373716396.8,1054625648,3911718105,7188536462,11003921618,14350822763,16581243491,17451418795,17919582313,18349083358,19096055573,20038881447,21873966203,24300643888,27274933224,30512836300,34082965523,37751733759,41357078855,44573380800,47546951464,50077482207,52032638526,53478963459,54454026004,55034111415,55422565568,55729076412,56088300783,
RR,United States,,Net Annual Spending|BUILDING TECHNOLOGIES,$,,,,,,,,,,,,,,,,,,,,,,,,,,,,,,,,,,,,
RR,United States,MIXED RESOURCES,Net Annual Spending|COAL,$,-6782529048,-12423258947,-15629448074,-18639439041,-21742124805,-23727698411,-25249153406,-26623002156,-27480472981,-27854780180,-28946141434,-29317401675,-29440419700,-30728998970,-30476651573,-30321509210,-30649222513,-29760160006,-32821482023,-31911835444,-31031436039,-30403369823,-32715797551,-32784355195,-33352804675,-33864775574,-34508843566,-35399017081,-37431368899,-38367266075,-39468001382,-40885549339,-43990318798,-45511175336,-46675167800,
RR,United States,HIGH RENEWABLES,Net Annual Spending|COAL,$,-6099496223,-11957632198,-15024826946,-18253044080,-20547031427,-21405231277,-22189325412,-23011100609,-23780028869,-24195658854,-25315497819,-25770439266,-26147596490,-26454253140,-26786046667,-28924129751,-28215672223,-29247049539,-29190042211,-30493768111,-29985926061,-29411985338,-31918010994,-32008943677,-32708509849,-33407998655,-34376245437,-35349617766,-36547413865,-37947655033,-39216569098,-40738004876,-43858204397,-45397241064,-46558571480,
RR,United States,HIGH NUCLEAR,Net Annual Spending|COAL,$,-6707807616,-13065799308,-16608343657,-19849804938,-22984129728,-25118645198,-26530732105,-27881369978,-28881250726,-29301221186,-30591351128,-31164653607,-31548309504,-31812997920,-31641921152,-29701122196,-26774545871,-24646406993,-26234859365,-23758166248,-26049829998,-25576219756,-25520618903,-26005428666,-25958328588,-28821999107,-30104815948,-32034056819,-33901224562,-36004485557,-38030605410,-40034866880,-43388487485,-45063159028,-46415585359,
RR,United States,HIGH CCS,Net Annual Spending|COAL,$,-6561960165,-11616617247,-14151593983,-16492030575,-18126880767,-19462068807,-20315427629,-20988600063,-21106451729,-20377937111,-20375452153,-19905553368,-19046957811,-18520559603,-19410949327,-17868014829,-18476939377,-16401268713,-16524662617,-15014245425,-13303373061,-13712848205,-12497754680,-11793244639,-11264563411,-10729403938,-10653884423,-10597698151,-10622084428,-10841460400,-11671985073,-12359917085,-14721507167,-15614747683,-16261861075,
RR,United States,,Net Annual Spending|COAL,$,,,,,,,,,,,,,,,,,,,,,,,,,,,,,,,,,,,,
RR,United States,MIXED RESOURCES,Net Annual Spending|FOSSIL POWER PLANTS,$,-8452526807,-30350488960,-24805002855,-22653049576,-28799569316,-29993142453,-34366390957,-36552139685,-36176042158,-39401999389,-34440927951,-34272704590,-37111193700,-23588890355,-36768894724,-33518067920,-32144865769,-32979822415,-6163050866,-51058092975,-49315498447,-47059008926,-17171154582,-42955270524,-37109536238,-45451534412,-46050764467,-41804985924,-34532057931,-48327916329,-49069919969,-49761039273,-46582049814,-51372113990,-52626685758,
RR,United States,HIGH RENEWABLES,Net Annual Spending|FOSSIL POWER PLANTS,$,-8452560658,-30350958890,-24805766923,-22653750813,-28801326848,-30005550487,-34388303180,-36582871446,-36214820735,-39448591053,-34492490507,-34333943359,-37182442624,-35537903234,-31376098114,1263597923,-40730384402,-18009827820,-18456859706,-5946945889,-44041602072,-41248536194,68711912217,-40649368859,-41570053259,-40966530926,-41310455023,-42140508471,-44896291371,-36659073020,-46672022252,-44758189072,-47917070969,-48956112935,-50205413552,
RR,United States,HIGH NUCLEAR,Net Annual Spending|FOSSIL POWER PLANTS,$,-8452475783,-30350498626,-24805029910,-22653374486,-28800027310,-29994496614,-34367778622,-36554145010,-36177243923,-39403418273,-34442863714,-34275052191,-37114476528,-35459813348,-36474124979,-40413105028,-38682335479,-21332242155,-6075130054,-46481183061,-1759242407,-45762261421,-31488150550,-42155869489,-42468558878,-26713698416,-45225077801,-40831747047,-46800095956,-47618433078,-48354151953,-49034140042,-49627071543,-50661823287,-51906555790,
RR,United States,HIGH CCS,Net Annual Spending|FOSSIL POWER PLANTS,$,-7451666105,-11299869942,-4083955867,-2277635308,-2463043647,-7897526831,-16960967956,-24478780329,-29683592351,-38166637449,-33176229604,-32951776904,-35800429734,-32247231598,-23101611869,-38468691571,-26005452654,-47045464249,-23488578819,-29011893502,-45181494073,-27959320486,-42847485853,-38716279343,-43695150556,-44017228316,-40162640194,-45597587399,-46143513884,-47046712453,-40914080682,-48382711349,-48899962427,-49942552743,-51253251317,
RR,United States,,Net Annual Spending|FOSSIL POWER PLANTS,$,,,,,,,,,,,,,,,,,,,,,,,,,,,,,,,,,,,,
RR,United States,MIXED RESOURCES,Net Annual Spending|FOSSIL POWER PLANTS W/CCS,$,0,0,0,0,0,0,0,0,0,0,0,0,0,25648824099,425232168.8,18375446168,32564172582,40390840457,1.13E+11,3846459013,4569565868,3859069629,73888676566,5366720877,24227733453,5446345746,5446341900,17160850335,40463403750,6308418827,6308294905,6308033180,14807790307,6469517537,6467534183,
RR,United States,HIGH RENEWABLES,Net Annual Spending|FOSSIL POWER PLANTS W/CCS,$,0,0,0,0,0,0,0,0,0,0,0,0,0,0,0,0,0,0,0,0,0,0,0,0,0,0,0,0,0,0,0,0,0,0,0,
RR,United States,HIGH NUCLEAR,Net Annual Spending|FOSSIL POWER PLANTS W/CCS,$,0,0,0,0,0,0,0,0,0,0,0,0,0,0,0,0,0,0,0,0,0,0,0,0,0,0,0,0,0,0,0,0,0,0,0,
RR,United States,HIGH CCS,Net Annual Spending|FOSSIL POWER PLANTS W/CCS,$,0,0,0,0,0,11367132975,23425826879,35206699926,45272350308,53254914296,49263315621,44875286483,40597105342,40936263148,67015117156,34768440438,77357768380,35844596238,1.01E+11,90071224355,48727738581,87469187074,45773308913,52663811170,46388764481,47010822114,57566602155,47114315786,48333088482,49295285680,67642920886,53762842305,56923976950,60304982900,63689641510,
RR,United States,,Net Annual Spending|FOSSIL POWER PLANTS W/CCS,$,,,,,,,,,,,,,,,,,,,,,,,,,,,,,,,,,,,,
RR,United States,MIXED RESOURCES,Net Annual Spending|NATURAL GAS,$,11371871010,18172477407,21567027800,26201283486,30697555598,30869061690,30431078003,30085164138,29018404047,27246068692,26479243094,24661211538,22672407357,21533583044,19269148705,17343520067,15795744984,10847090479,11966890415,8677451188,4301340656,-232121968.3,-1095507156,-5289361924,-10936438432,-16061172529,-21457097247,-27226362446,-31056088871,-37998611219,-44490648748,-50622071068,-53140190205,-59184166200,-66263051012,
RR,United States,HIGH RENEWABLES,Net Annual Spending|NATURAL GAS,$,11682211816,18593310414,22026296895,26561387257,27176317223,26173998972,23972670523,21357887126,18030329927,13467627326,10104054676,5577051818,1048973877,-4034162107,-8952882765,-13322948823,-23290266189,-29968952056,-39791369145,-49088614246,-65754126401,-82753301047,-97230825696,-1.14E+11,-1.29E+11,-1.42E+11,-1.53E+11,-1.65E+11,-1.76E+11,-1.86E+11,-1.96E+11,-2.05E+11,-2.09E+11,-2.16E+11,-2.24E+11,
RR,United States,HIGH NUCLEAR,Net Annual Spending|NATURAL GAS,$,11385059148,17792109376,20498210204,24379922012,27750301700,25496237317,22588298129,19373765307,15172791752,9724256634,5903770978,1185612778,-3484432298,-8491975762,-14060242300,-20312614219,-28250275815,-37247004760,-40802692852,-51997906636,-56713568782,-65365326863,-75274581641,-84540006674,-95270052299,-1.04E+11,-1.13E+11,-1.24E+11,-1.34E+11,-1.44E+11,-1.53E+11,-1.61E+11,-1.65E+11,-1.71E+11,-1.77E+11,
RR,United States,HIGH CCS,Net Annual Spending|NATURAL GAS,$,11976637357,19086390693,22674504184,27050585289,29582280680,30926984874,31134165887,31321533634,30931552389,28671363099,27808696035,25785147490,23336360492,20956811000,21002373796,17447752152,17612865764,13288066812,12091831867,6258253128,1797257405,1205834734,-3267901365,-7623059279,-12173925788,-17515525917,-22456195221,-27205124062,-32599269945,-37838700436,-41815817090,-46432637676,-47445673556,-51992566667,-57180951454,
RR,United States,,Net Annual Spending|NATURAL GAS,$,,,,,,,,,,,,,,,,,,,,,,,,,,,,,,,,,,,,
RR,United States,MIXED RESOURCES,Net Annual Spending|NUCLEAR POWER PLANTS,$,11312154585,12568602194,20020288534,12824778568,13198195196,13946901672,21862271270,22626551442,23291647503,24027019863,24797442628,25594787414,26418827038,27288681837,27496821774,27726661334,29684854354,30573838091,30682278268,31267955977,31701231824,30111663579,30093869917,29835705489,26895592282,26784206196,26868446283,26880547307,27086911282,27186252889,27441603400,27544847734,27784042051,27856664192,28068562125,
RR,United States,HIGH RENEWABLES,Net Annual Spending|NUCLEAR POWER PLANTS,$,0,0,0,0,0,-372899.1,981047.7,-1264357.3,1246700,1288938.8,-4360490.5,3584854.6,-1153355.5,-2140671.9,2488247.3,919998,-3211291.7,2270249.3,875531.7,-1096574.8,996520.2,-1525587.9,126831.6,4352009,-4681539,1026377,1919184,-3542093,905299,-50611,694970,-354326,-470268,-33155,116184,
RR,United States,HIGH NUCLEAR,Net Annual Spending|NUCLEAR POWER PLANTS,$,21817078689,32730382149,38743587363,27225376472,27962787282,41366052904,42729684893,44192017706,45549181913,46971011745,48422738860,49896765346,51393428173,52932349987,53806341820,54572581807,57055576938,58589222725,59333054165,60541048000,61434957999,60426330577,60816739504,61095335282,58519527605,58758493166,59350265997,59703835725,60418200204,60849172099,61604002748,62018524887,62741280354,63101366269,63780096818,
RR,United States,HIGH CCS,Net Annual Spending|NUCLEAR POWER PLANTS,$,0,0,0,0,0,-372899.1,981047.7,-1264357.3,1246700,1288938.8,-4360490.5,3584901.1,-1350257,-1777826.4,1538012.2,-328307.4,2014736.5,-1408028.1,-712607.2,-827505.4,938060.3,311915.5,-823957.4,3210388,-2515122,-57037,1906851,-2055223,242026,503920,-1567843,933141,-510249,-10807,1452013,
RR,United States,,Net Annual Spending|NUCLEAR POWER PLANTS,$,,,,,,,,,,,,,,,,,,,,,,,,,,,,,,,,,,,,
RR,United States,MIXED RESOURCES,Net Annual Spending|OTHER,$,7261249633,23744027244,11416229750,21779094193,14618091762,1859596595,-4038892259,-2507545933,952696550.2,3207836571,9674317836,27663799551,36979968045,60274130704,60168499597,38300690197,36800604623,40146195207,73937164331,56586511345,11721749083,44082596836,42805601708,-4252267282,32575882056,8959167487,9035487237,48801568948,-10472106584,-14595695779,-42963840277,-4241202794,-3583349695,32108125275,7339408491,
RR,United States,HIGH RENEWABLES,Net Annual Spending|OTHER,$,6513227738,23581072531,10555653854,22671423035,12970910598,2322548364,-230642701.2,-4362938034,-3832064342,-1415457387,5709588499,23264219377,30441334093,41922976593,26870405035,53655974171,16256784514,26593859615,38030591230,5482816816,34701560798,10504025280,17434829702,36036109584,5894785855,20953359379,31402695141,26374398982,26344066935,32227860188,31505960583,-2474388408,34852546681,28449511093,7990061680,
RR,United States,HIGH NUCLEAR,Net Annual Spending|OTHER,$,7091791202,23812558305,11195589529,24971688187,11265342204,4198346269,-1643628125,-4329960253,-573467824.7,4150186489,14446413277,33224096313,43391990627,63139465977,69232456288,56960848149,46715866701,63692876371,92555521354,42113506993,77031908293,52735775573,43324042346,50192739017,41290683740,34402923981,28338575050,12621545108,34108187333,-1688572443,-10811492903,297956006.3,21585763918,15099738665,30226722236,
RR,United States,HIGH CCS,Net Annual Spending|OTHER,$,8402927379,23519936518,10714581815,21362367359,10065136208,1476561119,-10430887802,-10805363122,-6109174008,-8129281297,-4242454476,10517439597,12679351592,22355492111,25556818320,-7753115855,48926105480,16232328934,32866344020,15114023034,14872516453,19730279030,26942122369,21420730194,-900780690.8,-5029844238,-11516491679,4774062361,-8476475409,467678695.8,6300013503,8534140294,7036243478,-1011735795,15979549398,
RR,United States,,Net Annual Spending|OTHER,$,,,,,,,,,,,,,,,,,,,,,,,,,,,,,,,,,,,,
RR,United States,MIXED RESOURCES,Net Annual Spending|OTHER EFFICIENCY,$,0,3042882649,3224761835,3391130621,3568703770,7383706837,7649688375,7919338144,8172090522,8401053939,8648439833,8836979158,9063909459,9222184771,9382807240,9527993743,9633244661,9720497098,9764657475,9851066185,9877922250,9947121813,10047043198,10234445146,10477496952,11186668165,11365116099,12060234602,12783069365,13566300807,14283347512,14998557636,15602731636,16004429028,16262610351,
RR,United States,HIGH RENEWABLES,Net Annual Spending|OTHER EFFICIENCY,$,0,3042882649,3224761835,3391130621,3568703770,7383706837,7649688375,7919338144,8172090522,8401053939,8648439833,8836979158,9063909459,9222184771,9382807240,9527993743,9633244661,9720497098,9764657475,9851066185,9877922250,9947121813,10047043198,10234445146,10477496952,11186668165,11365116099,12060234602,12783069365,13566300807,14283347512,14998557636,15602731636,16004429028,16262610351,
RR,United States,HIGH NUCLEAR,Net Annual Spending|OTHER EFFICIENCY,$,0,3042882649,3224761835,3391130621,3568703770,7383706837,7649688375,7919338144,8172090522,8401053939,8648439833,8836979158,9063909459,9222184771,9382807240,9527993743,9633244661,9720497098,9764657475,9851066185,9877922250,9947121813,10047043198,10234445146,10477496952,11186668165,11365116099,12060234602,12783069365,13566300807,14283347512,14998557636,15602731636,16004429028,16262610351,
RR,United States,HIGH CCS,Net Annual Spending|OTHER EFFICIENCY,$,0,3042882649,3224761835,3391130621,3568703770,7383706837,7649688375,7919338144,8172090522,8401053939,8648439833,8836979158,9063909459,9222184771,9382807240,9527993743,9633244661,9720497098,9764657475,9851066185,9877922250,9947121813,10047043198,10234445146,10477496952,11186668165,11365116099,12060234602,12783069365,13566300807,14283347512,14998557636,15602731636,16004429028,16262610351,
RR,United States,,Net Annual Spending|OTHER EFFICIENCY,$,,,,,,,,,,,,,,,,,,,,,,,,,,,,,,,,,,,,
RR,United States,MIXED RESOURCES,Net Annual Spending|PETROLEUM PRODUCTS,$,-1233480128,24073038.52,2432638759,5383578679,7224276667,-293774021.7,-9846104114,-22141726526,-36775406813,-52917304294,-72887127820,-95060989086,-1.19E+11,-1.48E+11,-1.76E+11,-2.04E+11,-2.35E+11,-2.64E+11,-3.02E+11,-3.34E+11,-3.65E+11,-3.94E+11,-4.30E+11,-4.61E+11,-4.89E+11,-5.17E+11,-5.45E+11,-5.71E+11,-5.97E+11,-6.20E+11,-6.42E+11,-6.64E+11,-6.85E+11,-7.07E+11,-7.28E+11,
RR,United States,HIGH RENEWABLES,Net Annual Spending|PETROLEUM PRODUCTS,$,-1007174923,192890736.8,2698418034,5812905918,6261444377,4435341458,250653565.4,-6178362634,-14530823589,-25500927039,-40041112976,-57028268754,-76285085556,-97274056202,-1.20E+11,-1.46E+11,-1.72E+11,-1.99E+11,-2.27E+11,-2.58E+11,-2.88E+11,-3.16E+11,-3.57E+11,-3.85E+11,-4.11E+11,-4.38E+11,-4.63E+11,-4.86E+11,-5.07E+11,-5.27E+11,-5.45E+11,-5.63E+11,-5.79E+11,-5.95E+11,-6.11E+11,
RR,United States,HIGH NUCLEAR,Net Annual Spending|PETROLEUM PRODUCTS,$,-1196582162,-339827657.3,1731732715,4245396627,5454958291,-3100836909,-13660762204,-26379389651,-41655845183,-58589261541,-78333835450,-1.00E+11,-1.24E+11,-1.50E+11,-1.77E+11,-2.03E+11,-2.31E+11,-2.58E+11,-2.89E+11,-3.18E+11,-3.51E+11,-3.80E+11,-4.10E+11,-4.42E+11,-4.70E+11,-5.02E+11,-5.29E+11,-5.56E+11,-5.82E+11,-6.08E+11,-6.32E+11,-6.54E+11,-6.77E+11,-6.99E+11,-7.20E+11,
RR,United States,HIGH CCS,Net Annual Spending|PETROLEUM PRODUCTS,$,-828158024.4,935643091.8,3430104963,5916288341,6367689821,-546686056.1,-9576306546,-20777505472,-35197215629,-51328446990,-70455961852,-91505507847,-1.15E+11,-1.41E+11,-1.69E+11,-1.98E+11,-2.27E+11,-2.56E+11,-2.89E+11,-3.22E+11,-3.53E+11,-3.85E+11,-4.18E+11,-4.49E+11,-4.77E+11,-5.06E+11,-5.35E+11,-5.62E+11,-5.87E+11,-6.12E+11,-6.36E+11,-6.59E+11,-6.82E+11,-7.05E+11,-7.27E+11,
RR,United States,,Net Annual Spending|PETROLEUM PRODUCTS,$,,,,,,,,,,,,,,,,,,,,,,,,,,,,,,,,,,,,
RR,United States,MIXED RESOURCES,Net Annual Spending|RENEWABLE POWER PLANTS,$,6921861218,85780060965,62571054267,54545627611,56575519387,57095573675,55338420316,57069527768,54278901749,54336439747,69378981473,78804025178,87026550330,96368152038,99721645869,1.08E+11,1.15E+11,1.22E+11,1.56E+11,1.64E+11,1.65E+11,1.68E+11,1.68E+11,1.77E+11,1.86E+11,1.55E+11,1.59E+11,1.68E+11,1.74E+11,1.79E+11,1.80E+11,1.81E+11,1.79E+11,1.83E+11,1.84E+11,
RR,United States,HIGH RENEWABLES,Net Annual Spending|RENEWABLE POWER PLANTS,$,6915621743,1.34E+11,96637262593,96231284212,96180871449,99317833477,1.10E+11,1.23E+11,1.31E+11,1.45E+11,1.49E+11,1.55E+11,1.62E+11,1.68E+11,1.66E+11,1.88E+11,2.01E+11,2.08E+11,2.18E+11,2.24E+11,2.34E+11,2.34E+11,2.34E+11,2.43E+11,2.50E+11,3.02E+11,3.12E+11,3.23E+11,3.26E+11,3.39E+11,3.48E+11,3.53E+11,3.59E+11,3.70E+11,3.80E+11,
RR,United States,HIGH NUCLEAR,Net Annual Spending|RENEWABLE POWER PLANTS,$,6916475152,1.05E+11,71884579580,68362996466,72674229789,69659672246,69671279588,74873068305,88765668850,99284880060,1.11E+11,1.21E+11,1.30E+11,1.40E+11,1.49E+11,2.01E+11,2.09E+11,2.21E+11,2.32E+11,2.57E+11,2.53E+11,2.69E+11,2.69E+11,2.65E+11,2.73E+11,2.73E+11,2.89E+11,2.86E+11,2.89E+11,2.87E+11,2.82E+11,2.82E+11,2.79E+11,2.81E+11,2.90E+11,
RR,United States,HIGH CCS,Net Annual Spending|RENEWABLE POWER PLANTS,$,6916958392,69133851549,50514264621,37133397197,36773148461,37003558139,36090100364,35540337299,34226747071,32333412620,32752794341,43547551527,46611820494,57848524752,60683412145,62795763379,65863348386,68941631712,71803087325,79247928419,77350303883,76649646280,71965595424,75986927952,84780202293,91242935609,94505976005,1.03E+11,1.08E+11,1.12E+11,1.12E+11,1.11E+11,1.09E+11,1.08E+11,1.08E+11,
RR,United States,,Net Annual Spending|RENEWABLE POWER PLANTS,$,,,,,,,,,,,,,,,,,,,,,,,,,,,,,,,,,,,,
RR,United States,MIXED RESOURCES,Net Annual Spending|SYNTHETIC FUELS,$,264324335.1,443419361.9,717902266.5,1170359149,1883875152,3098511104,4996373065,7773101041,11595499455,16319233142,21200268099,25828216106,29638537681,32547574875,34402006252,44979599335,45398773446,44899678578,45429004432,44179923608,42611022426,40470525696,39137684722,35185859207,31176158327,27530686357,23312063463,19248743649,16650916225,11795234568,9400963882,7050587236,5498505576,4256850677,3057286469,
RR,United States,HIGH RENEWABLES,Net Annual Spending|SYNTHETIC FUELS,$,-8691166.33,-6248100.77,-13771526.44,-13564766.75,-13111297.72,25268890954,24531109386,23408474703,22165001792,20903186357,19712409396,19644010774,19190634750,18093709518,17770021708,41341794682,33459254056,36907103936,31305863631,33771997138,22831143057,20116590242,23923005021,16292703392,13824615175,54489527505,51521455714,44559429502,40102523752,35226929443,33600996724,33252921295,32557631804,33599516613,35138741227,
RR,United States,HIGH NUCLEAR,Net Annual Spending|SYNTHETIC FUELS,$,341557264,618610508.8,1062836578,1852036723,3623109803,4489882037,6876063591,10158862377,14361072123,19134999073,24850810953,30261350879,34732643465,38118401698,40309871399,1.35E+11,1.30E+11,1.24E+11,1.31E+11,1.13E+11,1.22E+11,1.04E+11,89799748384,82452525259,61787163113,66424868170,42240432515,31354862924,20142096887,16057332279,11825372352,5249574266,3410672769,6139017483,13059102662,
RR,United States,HIGH CCS,Net Annual Spending|SYNTHETIC FUELS,$,117247905,201301529.9,325369309,540334023.5,887590364.9,1711507900,3164992604,5530156774,9160800289,14145795269,18390378249,22432119284,25727437627,28297240571,29871227102,30896299170,31442771954,31408703888,31244608825,30735153174,29951827753,28569399541,26982493753,24742376666,22111179252,19194264422,16162451283,13211667297,10527475166,8245697892,6436360428,5086476612,4136654900,3501855855,3096057381,
RR,United States,,Net Annual Spending|SYNTHETIC FUELS,$,,,,,,,,,,,,,,,,,,,,,,,,,,,,,,,,,,,,
RR,United States,MIXED RESOURCES,Net Annual Spending|VEHICLES,$,2564165187,3865701698,5712453253,8703530579,12793956949,19852667992,30010818159,43968887414,61543440834,80937649088,99185495454,1.13E+11,1.21E+11,1.22E+11,1.19E+11,1.20E+11,1.19E+11,1.17E+11,1.14E+11,1.11E+11,1.07E+11,1.02E+11,96921042345,91561004674,85992008396,83806037189,81611843464,79522838343,77640553841,76032863774,74761591951,73746453399,72914970312,72191696981,71519740723,
RR,United States,HIGH RENEWABLES,Net Annual Spending|VEHICLES,$,2686121728,4140312966,6306699461,9905012436,15108623475,23635529983,36031642878,53233790316,75181199278,99935412005,1.24E+11,1.44E+11,1.58E+11,1.64E+11,1.65E+11,1.66E+11,1.65E+11,1.62E+11,1.58E+11,1.52E+11,1.47E+11,1.41E+11,1.33E+11,1.26E+11,1.18E+11,1.15E+11,1.12E+11,1.09E+11,1.07E+11,1.06E+11,1.05E+11,1.05E+11,1.05E+11,1.06E+11,1.06E+11,
RR,United States,HIGH NUCLEAR,Net Annual Spending|VEHICLES,$,2214501741,3297197811,4795289928,7244085307,10513394722,16223037262,24371415182,35492850246,49372574097,64452010136,78166516847,88007957839,92607889876,92049007202,87346631531,88069133979,87447312059,85966836227,83923173717,81459926372,78950865250,75710520070,72314143934,68811956631,65219709979,63244129884,61259592504,59309553690,57433966789,55661500313,53997726616,52421028507,50893510342,49377585726,47851999864,
RR,United States,HIGH CCS,Net Annual Spending|VEHICLES,$,2858840635,4344911852,6485027297,9929817829,14700881970,22878200906,34689547340,50959965516,71519369327,94375611253,1.16E+11,1.34E+11,1.44E+11,1.47E+11,1.45E+11,1.46E+11,1.45E+11,1.43E+11,1.39E+11,1.35E+11,1.30E+11,1.23E+11,1.16E+11,1.09E+11,1.02E+11,99145758537,96767634852,94582621224,92752147512,91381269359,90484916822,90014372568,89860852837,89905110073,90054315057,
RR,United States,,Net Annual Spending|VEHICLES,$,,,,,,,,,,,,,,,,,,,,,,,,,,,,,,,,,,,,
RR,United States,MIXED RESOURCES,Net Annual Spending|TOTAL,$,23999564973,1.06E+11,88552828677,94142650189,90674221802,1.38E+11,1.37E+11,1.45E+11,1.57E+11,1.67E+11,1.99E+11,2.26E+11,2.29E+11,2.72E+11,2.06E+11,2.04E+11,1.85E+11,1.73E+11,2.91E+11,93777348081,23947945368,20104353457,70597446604,-92028657964,-63520978778,-1.73E+11,-1.98E+11,-1.64E+11,-2.19E+11,-2.77E+11,-3.53E+11,-3.46E+11,-3.66E+11,-3.74E+11,-4.27E+11,
RR,United States,HIGH RENEWABLES,Net Annual Spending|TOTAL,$,13010060977,1.42E+11,1.03E+11,1.25E+11,1.30E+11,1.54E+11,1.63E+11,1.78E+11,1.99E+11,2.24E+11,2.48E+11,2.75E+11,2.77E+11,2.76E+11,2.37E+11,3.29E+11,2.13E+11,2.25E+11,1.98E+11,1.44E+11,1.28E+11,53287747028,1.26E+11,-14866152885,-87252623180,-37350426837,-55172454790,-94923606729,-1.34E+11,-1.44E+11,-1.74E+11,-2.26E+11,-2.07E+11,-2.23E+11,-2.53E+11,
RR,United States,HIGH NUCLEAR,Net Annual Spending|TOTAL,$,34175637492,1.44E+11,1.13E+11,1.21E+11,1.12E+11,1.74E+11,1.63E+11,1.65E+11,1.86E+11,2.01E+11,2.28E+11,2.52E+11,2.55E+11,2.62E+11,2.42E+11,3.44E+11,3.04E+11,3.12E+11,3.58E+11,2.29E+11,2.98E+11,1.69E+11,1.18E+11,67454377932,-27661191583,-19975188333,-89154437953,-1.40E+11,-1.60E+11,-2.35E+11,-2.84E+11,-3.26E+11,-3.35E+11,-3.66E+11,-3.68E+11,
RR,United States,HIGH CCS,Net Annual Spending|TOTAL,$,16214299685,98326713233,80495285980,88025352453,82054150918,1.37E+11,1.34E+11,1.48E+11,1.69E+11,1.80E+11,1.96E+11,2.20E+11,2.08E+11,2.12E+11,2.24E+11,1.15E+11,2.02E+11,81261010656,1.48E+11,81105149086,-10631858704,3665821007,-87103330024,-1.13E+11,-1.77E+11,-2.03E+11,-2.19E+11,-2.37E+11,-2.70E+11,-2.89E+11,-2.90E+11,-3.38E+11,-3.62E+11,-3.92E+11,-4.01E+11,
RR,United States,,Net Annual Spending|TOTAL,$,,,,,,,,,,,,,,,,,,,,,,,,,,,,,,,,,,,,
RR,United States,MIXED RESOURCES,NA|NA,$,,,,,,,,,,,,,,,,,,,,,,,,,,,,,,,,,,,,
RR,United States,HIGH RENEWABLES,NA|NA,$,,,,,,,,,,,,,,,,,,,,,,,,,,,,,,,,,,,,
RR,United States,HIGH NUCLEAR,NA|NA,$,,,,,,,,,,,,,,,,,,,,,,,,,,,,,,,,,,,,
RR,United States,HIGH CCS,NA|NA,$,,,,,,,,,,,,,,,,,,,,,,,,,,,,,,,,,,,,
RR,United States,,NA|NA,$,,,,,,,,,,,,,,,,,,,,,,,,,,,,,,,,,,,,
RR,United States,MIXED RESOURCES,Cumulative Net Investment|TOTAL,Running Sum of $T,0.02,0.12,0.19,0.27,0.34,0.47,0.6,0.76,0.94,1.15,1.42,1.74,2.08,2.5,2.89,3.3,3.72,4.17,4.77,5.21,5.62,6.05,6.58,6.98,7.43,7.82,8.21,8.67,9.1,9.51,9.86,10.26,10.66,11.08,11.48,
RR,United States,HIGH RENEWABLES,Cumulative Net Investment|TOTAL,Running Sum of $T,0.01,0.14,0.23,0.34,0.45,0.59,0.74,0.92,1.13,1.38,1.68,2.02,2.39,2.79,3.17,3.68,4.1,4.58,5.06,5.53,6.04,6.51,7.11,7.61,8.09,8.65,9.24,9.82,10.39,10.98,11.58,12.14,12.75,13.37,13.98,
RR,United States,HIGH CCS,Cumulative Net Investment|TOTAL,Running Sum of $T,0.01,0.1,0.16,0.23,0.29,0.41,0.54,0.69,0.87,1.09,1.34,1.63,1.94,2.29,2.67,2.97,3.39,3.72,4.16,4.56,4.9,5.29,5.63,5.98,6.29,6.61,6.95,7.3,7.65,8,8.39,8.75,9.12,9.48,9.87,
RR,United States,HIGH NUCLEAR,Cumulative Net Investment|TOTAL,Running Sum of $T,0.03,0.17,0.27,0.38,0.48,0.65,0.82,1.01,1.24,1.52,1.84,2.21,2.62,3.06,3.51,4.1,4.68,5.3,6.01,6.62,7.34,7.97,8.59,9.2,9.76,10.36,10.93,11.49,12.07,12.61,13.13,13.64,14.18,14.71,15.27,
RR,United States,,Cumulative Net Investment|TOTAL,Running Sum of $T,,,,,,,,,,,,,,,,,,,,,,,,,,,,,,,,,,,,
RR,United States,MIXED RESOURCES,Cumulative Net Investment|BIOFUELS,Running Sum of $T,0,0,0,0,0,0.06,0.12,0.18,0.24,0.31,0.38,0.44,0.51,0.57,0.63,0.7,0.76,0.83,0.88,0.94,1,1.07,1.12,1.19,1.26,1.34,1.42,1.51,1.6,1.72,1.81,1.91,2.01,2.1,2.19,
RR,United States,HIGH RENEWABLES,Cumulative Net Investment|BIOFUELS,Running Sum of $T,0,0,0,0,0.02,0.03,0.05,0.07,0.09,0.11,0.13,0.15,0.17,0.19,0.21,0.25,0.28,0.32,0.36,0.4,0.48,0.55,0.64,0.73,0.82,0.89,0.96,1.03,1.1,1.16,1.23,1.3,1.37,1.44,1.52,
RR,United States,HIGH CCS,Cumulative Net Investment|BIOFUELS,Running Sum of $T,0,0,0,0,0,0.05,0.11,0.16,0.22,0.28,0.34,0.4,0.46,0.52,0.58,0.64,0.7,0.76,0.82,0.87,0.94,0.99,1.05,1.11,1.17,1.24,1.32,1.4,1.49,1.58,1.67,1.76,1.85,1.95,2.05,
RR,United States,HIGH NUCLEAR,Cumulative Net Investment|BIOFUELS,Running Sum of $T,0,0,0,0,0,0.06,0.13,0.19,0.26,0.33,0.4,0.47,0.55,0.62,0.69,0.77,0.84,0.91,1,1.08,1.19,1.27,1.35,1.44,1.5,1.59,1.68,1.78,1.89,2.01,2.13,2.23,2.35,2.46,2.57,
RR,United States,,Cumulative Net Investment|BIOFUELS,Running Sum of $T,,,,,,,,,,,,,,,,,,,,,,,,,,,,,,,,,,,,
RR,United States,MIXED RESOURCES,Cumulative Net Investment|CONVENTIONAL BUILDING TECHNOLOGIES,Running Sum of $T,0,0,0,-0.01,-0.03,-0.06,-0.1,-0.15,-0.22,-0.32,-0.43,-0.56,-0.71,-0.88,-1.05,-1.22,-1.4,-1.58,-1.77,-1.95,-2.14,-2.33,-2.52,-2.72,-2.91,-3.11,-3.31,-3.51,-3.72,-3.93,-4.14,-4.35,-4.56,-4.78,-5,
RR,United States,HIGH RENEWABLES,Cumulative Net Investment|CONVENTIONAL BUILDING TECHNOLOGIES,Running Sum of $T,0,0,0,-0.01,-0.03,-0.06,-0.1,-0.15,-0.22,-0.32,-0.43,-0.56,-0.71,-0.88,-1.05,-1.22,-1.4,-1.58,-1.77,-1.95,-2.14,-2.33,-2.52,-2.72,-2.91,-3.11,-3.31,-3.51,-3.72,-3.93,-4.14,-4.35,-4.56,-4.78,-5,
RR,United States,HIGH CCS,Cumulative Net Investment|CONVENTIONAL BUILDING TECHNOLOGIES,Running Sum of $T,0,0,0,-0.01,-0.03,-0.06,-0.1,-0.15,-0.22,-0.32,-0.43,-0.56,-0.71,-0.88,-1.05,-1.22,-1.4,-1.58,-1.77,-1.95,-2.14,-2.33,-2.52,-2.72,-2.91,-3.11,-3.31,-3.51,-3.72,-3.93,-4.14,-4.35,-4.56,-4.78,-5,
RR,United States,HIGH NUCLEAR,Cumulative Net Investment|CONVENTIONAL BUILDING TECHNOLOGIES,Running Sum of $T,0,0,0,-0.01,-0.03,-0.06,-0.1,-0.15,-0.22,-0.32,-0.43,-0.56,-0.71,-0.88,-1.05,-1.22,-1.4,-1.58,-1.77,-1.95,-2.14,-2.33,-2.52,-2.72,-2.91,-3.11,-3.31,-3.51,-3.72,-3.93,-4.14,-4.35,-4.56,-4.78,-5,
RR,United States,,Cumulative Net Investment|CONVENTIONAL BUILDING TECHNOLOGIES,Running Sum of $T,,,,,,,,,,,,,,,,,,,,,,,,,,,,,,,,,,,,
RR,United States,MIXED RESOURCES,Cumulative Net Investment|CONVENTIONAL ICE VEHICLES,Running Sum of $T,-0.01,-0.01,-0.02,-0.04,-0.08,-0.13,-0.22,-0.36,-0.57,-0.85,-1.24,-1.7,-2.25,-2.85,-3.51,-4.19,-4.9,-5.62,-6.36,-7.11,-7.87,-8.64,-9.42,-10.19,-10.98,-11.76,-12.56,-13.36,-14.16,-14.98,-15.8,-16.64,-17.48,-18.33,-19.2,
RR,United States,HIGH RENEWABLES,Cumulative Net Investment|CONVENTIONAL ICE VEHICLES,Running Sum of $T,-0.01,-0.01,-0.02,-0.04,-0.08,-0.13,-0.22,-0.36,-0.57,-0.85,-1.23,-1.7,-2.25,-2.85,-3.51,-4.19,-4.89,-5.62,-6.36,-7.11,-7.87,-8.64,-9.41,-10.19,-10.97,-11.76,-12.55,-13.35,-14.16,-14.98,-15.8,-16.63,-17.48,-18.33,-19.19,
RR,United States,HIGH CCS,Cumulative Net Investment|CONVENTIONAL ICE VEHICLES,Running Sum of $T,-0.01,-0.01,-0.02,-0.04,-0.08,-0.13,-0.22,-0.36,-0.57,-0.85,-1.24,-1.7,-2.25,-2.85,-3.51,-4.19,-4.9,-5.62,-6.36,-7.11,-7.87,-8.64,-9.42,-10.19,-10.98,-11.76,-12.56,-13.36,-14.16,-14.98,-15.8,-16.64,-17.48,-18.33,-19.2,
RR,United States,HIGH NUCLEAR,Cumulative Net Investment|CONVENTIONAL ICE VEHICLES,Running Sum of $T,-0.01,-0.01,-0.02,-0.04,-0.08,-0.13,-0.22,-0.36,-0.57,-0.85,-1.24,-1.7,-2.25,-2.85,-3.51,-4.19,-4.9,-5.62,-6.36,-7.11,-7.87,-8.64,-9.42,-10.19,-10.98,-11.76,-12.56,-13.36,-14.16,-14.98,-15.8,-16.64,-17.48,-18.33,-19.2,
RR,United States,,Cumulative Net Investment|CONVENTIONAL ICE VEHICLES,Running Sum of $T,,,,,,,,,,,,,,,,,,,,,,,,,,,,,,,,,,,,
RR,United States,MIXED RESOURCES,Cumulative Net Investment|ELECTRIC AND HYDROGEN FUEL CELL VEHICLES,Running Sum of $T,0.01,0.02,0.03,0.06,0.1,0.17,0.28,0.45,0.7,1.05,1.5,2.04,2.66,3.34,4.06,4.81,5.58,6.37,7.17,7.98,8.79,9.61,10.42,11.23,12.03,12.84,13.65,14.47,15.29,16.11,16.95,17.79,18.64,19.49,20.36,
RR,United States,HIGH RENEWABLES,Cumulative Net Investment|ELECTRIC AND HYDROGEN FUEL CELL VEHICLES,Running Sum of $T,0.01,0.01,0.03,0.06,0.1,0.17,0.28,0.45,0.7,1.05,1.5,2.04,2.66,3.34,4.05,4.8,5.57,6.35,7.15,7.94,8.74,9.54,10.34,11.13,11.91,12.7,13.49,14.28,15.07,15.88,16.69,17.51,18.34,19.18,20.03,
RR,United States,HIGH CCS,Cumulative Net Investment|ELECTRIC AND HYDROGEN FUEL CELL VEHICLES,Running Sum of $T,0.01,0.02,0.03,0.06,0.11,0.18,0.3,0.48,0.74,1.1,1.57,2.13,2.78,3.49,4.23,5.01,5.81,6.63,7.46,8.29,9.13,9.97,10.8,11.63,12.45,13.28,14.11,14.94,15.78,16.62,17.47,18.33,19.2,20.08,20.97,
RR,United States,HIGH NUCLEAR,Cumulative Net Investment|ELECTRIC AND HYDROGEN FUEL CELL VEHICLES,Running Sum of $T,0.01,0.01,0.03,0.05,0.1,0.16,0.27,0.43,0.67,1,1.43,1.95,2.55,3.2,3.89,4.61,5.35,6.11,6.89,7.67,8.45,9.24,10.03,10.82,11.61,12.4,13.2,13.99,14.79,15.6,16.42,17.24,18.07,18.91,19.75,
RR,United States,,Cumulative Net Investment|ELECTRIC AND HYDROGEN FUEL CELL VEHICLES,Running Sum of $T,,,,,,,,,,,,,,,,,,,,,,,,,,,,,,,,,,,,
RR,United States,MIXED RESOURCES,Cumulative Net Investment|FOSSIL POWER PLANTS,Running Sum of $T,-0.01,-0.04,-0.06,-0.09,-0.12,-0.15,-0.18,-0.22,-0.25,-0.29,-0.33,-0.36,-0.4,-0.42,-0.46,-0.49,-0.52,-0.56,-0.56,-0.61,-0.66,-0.71,-0.73,-0.77,-0.81,-0.85,-0.9,-0.94,-0.98,-1.02,-1.07,-1.12,-1.17,-1.22,-1.27,
RR,United States,HIGH RENEWABLES,Cumulative Net Investment|FOSSIL POWER PLANTS,Running Sum of $T,-0.01,-0.04,-0.06,-0.09,-0.12,-0.15,-0.18,-0.22,-0.25,-0.29,-0.33,-0.36,-0.4,-0.43,-0.46,-0.46,-0.5,-0.52,-0.54,-0.55,-0.59,-0.63,-0.56,-0.6,-0.65,-0.69,-0.73,-0.77,-0.81,-0.85,-0.9,-0.94,-0.99,-1.04,-1.09,
RR,United States,HIGH CCS,Cumulative Net Investment|FOSSIL POWER PLANTS,Running Sum of $T,-0.01,-0.02,-0.02,-0.03,-0.03,-0.04,-0.05,-0.08,-0.11,-0.14,-0.18,-0.21,-0.25,-0.28,-0.3,-0.34,-0.37,-0.41,-0.44,-0.47,-0.51,-0.54,-0.58,-0.62,-0.66,-0.71,-0.75,-0.79,-0.84,-0.89,-0.93,-0.98,-1.03,-1.08,-1.13,
RR,United States,HIGH NUCLEAR,Cumulative Net Investment|FOSSIL POWER PLANTS,Running Sum of $T,-0.01,-0.04,-0.06,-0.09,-0.12,-0.15,-0.18,-0.22,-0.25,-0.29,-0.33,-0.36,-0.4,-0.43,-0.47,-0.51,-0.55,-0.57,-0.58,-0.62,-0.62,-0.67,-0.7,-0.74,-0.79,-0.81,-0.86,-0.9,-0.95,-0.99,-1.04,-1.09,-1.14,-1.19,-1.24,
RR,United States,,Cumulative Net Investment|FOSSIL POWER PLANTS,Running Sum of $T,,,,,,,,,,,,,,,,,,,,,,,,,,,,,,,,,,,,
RR,United States,MIXED RESOURCES,Cumulative Net Investment|FOSSIL POWER PLANTS W/CCS,Running Sum of $T,0,0,0,0,0,0,0,0,0,0,0,0,0,0.03,0.03,0.04,0.08,0.12,0.23,0.23,0.24,0.24,0.32,0.32,0.35,0.35,0.36,0.37,0.41,0.42,0.43,0.43,0.45,0.46,0.46,
RR,United States,HIGH RENEWABLES,Cumulative Net Investment|FOSSIL POWER PLANTS W/CCS,Running Sum of $T,0,0,0,0,0,0,0,0,0,0,0,0,0,0,0,0,0,0,0,0,0,0,0,0,0,0,0,0,0,0,0,0,0,0,0,
RR,United States,HIGH CCS,Cumulative Net Investment|FOSSIL POWER PLANTS W/CCS,Running Sum of $T,0,0,0,0,0,0.01,0.03,0.07,0.12,0.17,0.22,0.26,0.3,0.34,0.41,0.45,0.52,0.56,0.66,0.75,0.8,0.89,0.93,0.98,1.03,1.08,1.14,1.18,1.23,1.28,1.35,1.4,1.46,1.52,1.58,
RR,United States,HIGH NUCLEAR,Cumulative Net Investment|FOSSIL POWER PLANTS W/CCS,Running Sum of $T,0,0,0,0,0,0,0,0,0,0,0,0,0,0,0,0,0,0,0,0,0,0,0,0,0,0,0,0,0,0,0,0,0,0,0,
RR,United States,,Cumulative Net Investment|FOSSIL POWER PLANTS W/CCS,Running Sum of $T,,,,,,,,,,,,,,,,,,,,,,,,,,,,,,,,,,,,
RR,United States,MIXED RESOURCES,Cumulative Net Investment|HIGH EFFICIENCY AND ELECTRIC BUILDING TECHNOLOGIES,Running Sum of $T,0,0,0.01,0.02,0.04,0.06,0.1,0.16,0.23,0.33,0.46,0.61,0.77,0.95,1.14,1.34,1.54,1.74,1.94,2.15,2.37,2.59,2.81,3.04,3.28,3.52,3.77,4.02,4.28,4.54,4.81,5.07,5.34,5.62,5.89,
RR,United States,HIGH RENEWABLES,Cumulative Net Investment|HIGH EFFICIENCY AND ELECTRIC BUILDING TECHNOLOGIES,Running Sum of $T,0,0,0.01,0.02,0.04,0.06,0.1,0.16,0.23,0.33,0.46,0.61,0.77,0.95,1.14,1.34,1.54,1.74,1.94,2.15,2.37,2.59,2.81,3.04,3.28,3.52,3.77,4.02,4.28,4.54,4.81,5.07,5.34,5.62,5.89,
RR,United States,HIGH CCS,Cumulative Net Investment|HIGH EFFICIENCY AND ELECTRIC BUILDING TECHNOLOGIES,Running Sum of $T,0,0,0.01,0.02,0.04,0.06,0.1,0.16,0.23,0.33,0.46,0.61,0.77,0.95,1.14,1.34,1.54,1.74,1.94,2.15,2.37,2.59,2.81,3.04,3.28,3.52,3.77,4.02,4.28,4.54,4.81,5.07,5.34,5.62,5.89,
RR,United States,HIGH NUCLEAR,Cumulative Net Investment|HIGH EFFICIENCY AND ELECTRIC BUILDING TECHNOLOGIES,Running Sum of $T,0,0,0.01,0.02,0.04,0.06,0.1,0.16,0.23,0.33,0.46,0.61,0.77,0.95,1.14,1.34,1.54,1.74,1.94,2.15,2.37,2.59,2.81,3.04,3.28,3.52,3.77,4.02,4.28,4.54,4.81,5.07,5.34,5.62,5.89,
RR,United States,,Cumulative Net Investment|HIGH EFFICIENCY AND ELECTRIC BUILDING TECHNOLOGIES,Running Sum of $T,,,,,,,,,,,,,,,,,,,,,,,,,,,,,,,,,,,,
RR,United States,MIXED RESOURCES,Cumulative Net Investment|HIGH EFFICIENCY ICE VEHICLES,Running Sum of $T,0,0,0.01,0.01,0.01,0.02,0.02,0.03,0.05,0.07,0.1,0.14,0.19,0.24,0.29,0.34,0.39,0.45,0.5,0.56,0.61,0.67,0.73,0.79,0.85,0.91,0.98,1.04,1.11,1.17,1.24,1.31,1.37,1.44,1.51,
RR,United States,HIGH RENEWABLES,Cumulative Net Investment|HIGH EFFICIENCY ICE VEHICLES,Running Sum of $T,0,0,0.01,0.01,0.02,0.03,0.04,0.06,0.09,0.13,0.19,0.26,0.34,0.44,0.53,0.63,0.74,0.84,0.95,1.05,1.16,1.27,1.38,1.49,1.61,1.73,1.84,1.96,2.08,2.2,2.31,2.43,2.55,2.67,2.79,
RR,United States,HIGH CCS,Cumulative Net Investment|HIGH EFFICIENCY ICE VEHICLES,Running Sum of $T,0,0,0.01,0.01,0.01,0.02,0.02,0.03,0.05,0.07,0.1,0.13,0.18,0.22,0.27,0.32,0.37,0.42,0.48,0.53,0.58,0.64,0.69,0.75,0.81,0.87,0.93,0.99,1.06,1.12,1.18,1.25,1.31,1.37,1.44,
RR,United States,HIGH NUCLEAR,Cumulative Net Investment|HIGH EFFICIENCY ICE VEHICLES,Running Sum of $T,0,0,0.01,0.01,0.01,0.02,0.02,0.03,0.05,0.07,0.1,0.13,0.18,0.22,0.27,0.32,0.37,0.42,0.48,0.53,0.58,0.64,0.69,0.75,0.81,0.87,0.93,0.99,1.06,1.12,1.18,1.25,1.31,1.37,1.44,
RR,United States,,Cumulative Net Investment|HIGH EFFICIENCY ICE VEHICLES,Running Sum of $T,,,,,,,,,,,,,,,,,,,,,,,,,,,,,,,,,,,,
RR,United States,MIXED RESOURCES,Cumulative Net Investment|NUCLEAR POWER PLANTS,Running Sum of $T,0.01,0.02,0.04,0.06,0.07,0.08,0.11,0.13,0.15,0.18,0.2,0.23,0.25,0.28,0.31,0.33,0.36,0.39,0.42,0.46,0.49,0.52,0.55,0.58,0.6,0.63,0.66,0.68,0.71,0.74,0.77,0.79,0.82,0.85,0.88,
RR,United States,HIGH RENEWABLES,Cumulative Net Investment|NUCLEAR POWER PLANTS,Running Sum of $T,0,0,0,0,0,0,0,0,0,0,0,0,0,0,0,0,0,0,0,0,0,0,0,0,0,0,0,0,0,-0.01,-0.01,-0.01,-0.01,-0.01,-0.01,
RR,United States,HIGH CCS,Cumulative Net Investment|NUCLEAR POWER PLANTS,Running Sum of $T,0,0,0,0,0,0,0,0,0,0,0,0,0,0,0,0,0,0,0,0,0,0,0,0,0,0,0,0,0,0,0,0,0,0,0,
RR,United States,HIGH NUCLEAR,Cumulative Net Investment|NUCLEAR POWER PLANTS,Running Sum of $T,0.02,0.05,0.09,0.12,0.15,0.19,0.23,0.28,0.32,0.37,0.42,0.47,0.52,0.57,0.62,0.68,0.74,0.79,0.85,0.91,0.97,1.03,1.09,1.15,1.21,1.27,1.33,1.39,1.45,1.51,1.57,1.63,1.69,1.75,1.81,
RR,United States,,Cumulative Net Investment|NUCLEAR POWER PLANTS,Running Sum of $T,,,,,,,,,,,,,,,,,,,,,,,,,,,,,,,,,,,,
RR,United States,MIXED RESOURCES,Cumulative Net Investment|OTHER,Running Sum of $T,0.01,0.03,0.04,0.06,0.08,0.08,0.08,0.07,0.08,0.08,0.09,0.12,0.15,0.21,0.27,0.31,0.35,0.39,0.46,0.52,0.53,0.57,0.62,0.61,0.65,0.65,0.66,0.71,0.7,0.69,0.64,0.64,0.64,0.67,0.68,
RR,United States,HIGH RENEWABLES,Cumulative Net Investment|OTHER,Running Sum of $T,0.01,0.03,0.04,0.06,0.08,0.08,0.08,0.07,0.07,0.07,0.07,0.1,0.13,0.17,0.2,0.25,0.27,0.29,0.33,0.34,0.37,0.38,0.4,0.44,0.44,0.46,0.49,0.52,0.55,0.58,0.61,0.61,0.64,0.67,0.68,
RR,United States,HIGH CCS,Cumulative Net Investment|OTHER,Running Sum of $T,0.01,0.03,0.04,0.06,0.07,0.08,0.07,0.05,0.05,0.04,0.04,0.05,0.06,0.08,0.11,0.1,0.15,0.16,0.2,0.21,0.23,0.25,0.27,0.3,0.29,0.29,0.28,0.28,0.27,0.27,0.28,0.29,0.3,0.3,0.31,
RR,United States,HIGH NUCLEAR,Cumulative Net Investment|OTHER,Running Sum of $T,0.01,0.03,0.04,0.07,0.08,0.08,0.08,0.08,0.08,0.08,0.09,0.13,0.17,0.23,0.3,0.36,0.41,0.47,0.56,0.61,0.68,0.74,0.78,0.83,0.87,0.9,0.93,0.95,0.98,0.98,0.97,0.97,0.99,1,1.03,
RR,United States,,Cumulative Net Investment|OTHER,Running Sum of $T,,,,,,,,,,,,,,,,,,,,,,,,,,,,,,,,,,,,
RR,United States,MIXED RESOURCES,Cumulative Net Investment|RENEWABLE POWER PLANTS,Running Sum of $T,0.01,0.09,0.16,0.21,0.27,0.32,0.38,0.44,0.49,0.54,0.61,0.69,0.78,0.88,0.98,1.08,1.2,1.32,1.48,1.64,1.81,1.97,2.14,2.32,2.5,2.66,2.82,2.99,3.16,3.34,3.52,3.7,3.88,4.06,4.25,
RR,United States,HIGH RENEWABLES,Cumulative Net Investment|RENEWABLE POWER PLANTS,Running Sum of $T,0.01,0.14,0.24,0.33,0.43,0.53,0.64,0.76,0.89,1.04,1.19,1.34,1.5,1.67,1.84,2.03,2.23,2.43,2.65,2.88,3.11,3.34,3.58,3.82,4.07,4.37,4.69,5.01,5.33,5.67,6.02,6.37,6.73,7.1,7.48,
RR,United States,HIGH CCS,Cumulative Net Investment|RENEWABLE POWER PLANTS,Running Sum of $T,0.01,0.08,0.13,0.16,0.2,0.24,0.27,0.31,0.34,0.38,0.41,0.45,0.5,0.56,0.62,0.68,0.75,0.81,0.89,0.97,1.04,1.12,1.19,1.27,1.35,1.44,1.54,1.64,1.75,1.86,1.97,2.08,2.19,2.3,2.41,
RR,United States,HIGH NUCLEAR,Cumulative Net Investment|RENEWABLE POWER PLANTS,Running Sum of $T,0.01,0.11,0.18,0.25,0.33,0.39,0.46,0.54,0.63,0.73,0.84,0.96,1.09,1.23,1.38,1.58,1.79,2.01,2.24,2.5,2.75,3.02,3.29,3.55,3.83,4.1,4.39,4.67,4.96,5.25,5.53,5.81,6.09,6.37,6.66,
RR,United States,,Cumulative Net Investment|RENEWABLE POWER PLANTS,Running Sum of $T,,,,,,,,,,,,,,,,,,,,,,,,,,,,,,,,,,,,
RR,United States,MIXED RESOURCES,Cumulative Net Investment|SYNTHETIC FUELS,Running Sum of $T,0,0,0,0,0,0.01,0.01,0.02,0.03,0.05,0.07,0.1,0.12,0.16,0.19,0.24,0.28,0.33,0.37,0.42,0.46,0.5,0.54,0.57,0.61,0.63,0.66,0.68,0.69,0.7,0.71,0.72,0.73,0.73,0.73,
RR,United States,HIGH RENEWABLES,Cumulative Net Investment|SYNTHETIC FUELS,Running Sum of $T,0,0,0,0,0,0.03,0.05,0.07,0.1,0.12,0.14,0.16,0.17,0.19,0.21,0.25,0.29,0.32,0.35,0.39,0.41,0.43,0.45,0.47,0.48,0.54,0.59,0.63,0.68,0.71,0.74,0.78,0.81,0.84,0.88,
RR,United States,HIGH CCS,Cumulative Net Investment|SYNTHETIC FUELS,Running Sum of $T,0,0,0,0,0,0,0.01,0.01,0.02,0.04,0.05,0.08,0.1,0.13,0.16,0.19,0.22,0.25,0.29,0.32,0.35,0.37,0.4,0.43,0.45,0.47,0.48,0.5,0.51,0.52,0.52,0.53,0.53,0.54,0.54,
RR,United States,HIGH NUCLEAR,Cumulative Net Investment|SYNTHETIC FUELS,Running Sum of $T,0,0,0,0,0.01,0.01,0.02,0.03,0.04,0.06,0.09,0.12,0.15,0.19,0.23,0.37,0.5,0.62,0.75,0.86,0.99,1.09,1.18,1.26,1.32,1.39,1.43,1.46,1.48,1.5,1.51,1.52,1.52,1.53,1.54,
RR,United States,,Cumulative Net Investment|SYNTHETIC FUELS,Running Sum of $T,,,,,,,,,,,,,,,,,,,,,,,,,,,,,,,,,,,,
RR,United States,MIXED RESOURCES,NA|NA,Running Sum of $T,,,,,,,,,,,,,,,,,,,,,,,,,,,,,,,,,,,,
RR,United States,HIGH RENEWABLES,NA|NA,Running Sum of $T,,,,,,,,,,,,,,,,,,,,,,,,,,,,,,,,,,,,
RR,United States,HIGH CCS,NA|NA,Running Sum of $T,,,,,,,,,,,,,,,,,,,,,,,,,,,,,,,,,,,,
RR,United States,HIGH NUCLEAR,NA|NA,Running Sum of $T,,,,,,,,,,,,,,,,,,,,,,,,,,,,,,,,,,,,
RR,United States,,NA|NA,Running Sum of $T,,,,,,,,,,,,,,,,,,,,,,,,,,,,,,,,,,,,
RR,United States,MIXED RESOURCES,Cumulative Net Fossil|COAL,Running Sum of $T,-0.006782529,-0.019205788,-0.034835236,-0.053474675,-0.0752168,-0.098944498,-0.124193652,-0.150816654,-0.178297127,-0.206151907,-0.235098048,-0.26441545,-0.29385587,-0.324584869,-0.35506152,-0.38538303,-0.416032252,-0.445792412,-0.478613894,-0.51052573,-0.541557166,-0.571960535,-0.604676333,-0.637460688,-0.670813493,-0.704678268,-0.739187112,-0.774586129,-0.812017498,-0.850384764,-0.889852765,-0.930738315,-0.974728634,-1.020239809,-1.066914977,
RR,United States,HIGH RENEWABLES,Cumulative Net Fossil|COAL,Running Sum of $T,-0.006099496,-0.018057128,-0.033081955,-0.051334999,-0.071882031,-0.093287262,-0.115476588,-0.138487688,-0.162267717,-0.186463376,-0.211778874,-0.237549313,-0.263696909,-0.290151163,-0.316937209,-0.345861339,-0.374077011,-0.403324061,-0.432514103,-0.463007871,-0.492993797,-0.522405783,-0.554323794,-0.586332737,-0.619041247,-0.652449246,-0.686825491,-0.722175109,-0.758722523,-0.796670178,-0.835886747,-0.876624752,-0.920482956,-0.965880197,-1.012438769,
RR,United States,HIGH NUCLEAR,Cumulative Net Fossil|COAL,Running Sum of $T,-0.006707808,-0.019773607,-0.036381951,-0.056231756,-0.079215885,-0.10433453,-0.130865263,-0.158746633,-0.187627883,-0.216929104,-0.247520456,-0.278685109,-0.310233419,-0.342046417,-0.373688338,-0.40338946,-0.430164006,-0.454810413,-0.481045272,-0.504803438,-0.530853268,-0.556429488,-0.581950107,-0.607955536,-0.633913864,-0.662735863,-0.692840679,-0.724874736,-0.758775961,-0.794780446,-0.832811052,-0.872845919,-0.916234406,-0.961297565,-1.00771315,
RR,United States,HIGH CCS,Cumulative Net Fossil|COAL,Running Sum of $T,-0.00656196,-0.018178577,-0.032330171,-0.048822202,-0.066949083,-0.086411152,-0.106726579,-0.127715179,-0.148821631,-0.169199568,-0.18957502,-0.209480574,-0.228527531,-0.247048091,-0.26645904,-0.284327055,-0.302803995,-0.319205263,-0.335729926,-0.350744171,-0.364047544,-0.377760393,-0.390258147,-0.402051392,-0.413315955,-0.424045359,-0.434699244,-0.445296942,-0.455919026,-0.466760487,-0.478432472,-0.490792389,-0.505513896,-0.521128644,-0.537390505,
RR,United States,MIXED RESOURCES,Cumulative Net Fossil|NATURAL GAS,Running Sum of $T,0.011371871,0.029544348,0.051111376,0.07731266,0.108010215,0.138879277,0.169310355,0.199395519,0.228413923,0.255659992,0.282139235,0.306800447,0.329472854,0.351006437,0.370275586,0.387619106,0.403414851,0.414261941,0.426228832,0.434906283,0.439207623,0.438975501,0.437879994,0.432590632,0.421654194,0.405593021,0.384135924,0.356909562,0.325853473,0.287854862,0.243364213,0.192742142,0.139601952,0.080417785,0.014154734,
RR,United States,HIGH RENEWABLES,Cumulative Net Fossil|NATURAL GAS,Running Sum of $T,0.011682212,0.030275522,0.052301819,0.078863206,0.106039524,0.132213523,0.156186193,0.17754408,0.19557441,0.209042037,0.219146092,0.224723144,0.225772118,0.221737956,0.212785073,0.199462124,0.176171858,0.146202906,0.106411537,0.057322923,-0.008431204,-0.091184505,-0.188415331,-0.302033795,-0.431321309,-0.572875718,-0.726122854,-0.890983437,-1.066902287,-1.253266758,-1.44942182,-1.654059893,-1.862959774,-2.079336148,-2.303765594,
RR,United States,HIGH NUCLEAR,Cumulative Net Fossil|NATURAL GAS,Running Sum of $T,0.011385059,0.029177169,0.049675379,0.074055301,0.101805602,0.12730184,0.149890138,0.169263903,0.184436695,0.194160952,0.200064723,0.201250335,0.197765903,0.189273927,0.175213685,0.154901071,0.126650795,0.08940379,0.048601097,-0.003396809,-0.060110378,-0.125475705,-0.200750287,-0.285290293,-0.380560346,-0.484107631,-0.597579029,-0.721101973,-0.854962784,-0.998817785,-1.15148156,-1.312282345,-1.47705104,-1.648204937,-1.825591827,
RR,United States,HIGH CCS,Cumulative Net Fossil|NATURAL GAS,Running Sum of $T,0.011976637,0.031063028,0.053737532,0.080788118,0.110370398,0.141297383,0.172431549,0.203753083,0.234684635,0.263355998,0.291164694,0.316949842,0.340286202,0.361243013,0.382245387,0.399693139,0.417306005,0.430594072,0.442685903,0.448944157,0.450741414,0.451947249,0.448679347,0.441056288,0.428882362,0.411366836,0.388910641,0.361705517,0.329106247,0.291267547,0.24945173,0.203019092,0.155573418,0.103580852,0.0463999,
RR,United States,MIXED RESOURCES,Cumulative Net Fossil|PETROLEUM PRODUCTS,Running Sum of $T,-0.00123348,-0.001209407,0.001223232,0.00660681,0.013831087,0.013537313,0.003691209,-0.018450518,-0.055225924,-0.108143229,-0.181030357,-0.276091346,-0.395367517,-0.543400106,-0.719656625,-0.923460295,-1.158130725,-1.421712068,-1.723243321,-2.057448947,-2.42260345,-2.816162485,-3.24599164,-3.707053262,-4.195650801,-4.71297498,-5.257625166,-5.828398461,-6.425421121,-7.045037705,-7.687126802,-8.351037441,-9.03652935,-9.743414252,-10.47149518,
RR,United States,HIGH RENEWABLES,Cumulative Net Fossil|PETROLEUM PRODUCTS,Running Sum of $T,-0.001007175,-0.000814284,0.001884134,0.00769704,0.013958484,0.018393826,0.018644479,0.012466117,-0.002064707,-0.027565634,-0.067606747,-0.124635016,-0.200920101,-0.298194158,-0.418348462,-0.564594362,-0.736276136,-0.93500219,-1.162176208,-1.41999609,-1.708405376,-2.024899416,-2.381538486,-2.766666382,-3.177250066,-3.615131085,-4.077748037,-4.563809393,-5.071092565,-5.598065941,-6.143260831,-6.705771469,-7.284866473,-7.879864879,-8.49055625,
RR,United States,HIGH NUCLEAR,Cumulative Net Fossil|PETROLEUM PRODUCTS,Running Sum of $T,-0.001196582,-0.00153641,0.000195323,0.00444072,0.009895678,0.006794841,-0.006865921,-0.033245311,-0.074901156,-0.133490418,-0.211824253,-0.311966078,-0.436037326,-0.585848227,-0.762764332,-0.965703785,-1.196264122,-1.454051561,-1.742702294,-2.060813947,-2.412169913,-2.79203782,-3.202280451,-3.644554927,-4.114269444,-4.615809536,-5.144335875,-5.700153743,-6.282356074,-6.889922373,-7.521475533,-8.175490972,-8.852362877,-9.5512921,-10.27155303,
RR,United States,HIGH CCS,Cumulative Net Fossil|PETROLEUM PRODUCTS,Running Sum of $T,-0.000828158,0.000107485,0.00353759,0.009453878,0.015821568,0.015274882,0.005698576,-0.01507893,-0.050276146,-0.101604592,-0.172060554,-0.263566062,-0.378889178,-0.519995291,-0.689462077,-0.88724297,-1.114158781,-1.370516542,-1.659974118,-1.981774507,-2.335235894,-2.720712501,-3.138701971,-3.587793858,-4.064742678,-4.571203202,-5.105780894,-5.667575801,-6.254861074,-6.866573216,-7.502175864,-8.161005096,-8.842788904,-9.547321334,-10.27469359,
RR,United States,MIXED RESOURCES,Cumulative Net Fossil|TOTAL,Running Sum of $T,0.003355862,0.009129153,0.017499372,0.030444795,0.046624502,0.053472092,0.048807912,0.030128348,-0.005109128,-0.058635144,-0.13398917,-0.233706349,-0.359750533,-0.516978538,-0.70444256,-0.921224219,-1.170748127,-1.453242539,-1.775628383,-2.133068394,-2.524952993,-2.949147519,-3.412787979,-3.911923318,-4.4448101,-5.012060227,-5.612676354,-6.246075028,-6.911585146,-7.607567607,-8.333615355,-9.089033614,-9.871656032,-10.68323628,-11.52425542,
RR,United States,HIGH RENEWABLES,Cumulative Net Fossil|TOTAL,Running Sum of $T,0.004575541,0.01140411,0.021103998,0.035225247,0.048115977,0.057320086,0.059354085,0.051522509,0.031241986,-0.004986973,-0.060239529,-0.137461185,-0.238844893,-0.366607364,-0.522500598,-0.710993577,-0.934181289,-1.192123345,-1.488278774,-1.825681038,-2.209830377,-2.638489703,-3.12427761,-3.655032914,-4.227612622,-4.840456049,-5.490696381,-6.176967939,-6.896717375,-7.648002876,-8.428569398,-9.236456114,-10.0683092,-10.92508122,-11.80676061,
RR,United States,HIGH NUCLEAR,Cumulative Net Fossil|TOTAL,Running Sum of $T,0.003480669,0.007867152,0.013488751,0.022264265,0.032485395,0.02976215,0.012158954,-0.02272804,-0.078092344,-0.156258571,-0.259279986,-0.389400852,-0.548504842,-0.738620716,-0.961238985,-1.214192174,-1.499777333,-1.819458184,-2.175146469,-2.569014194,-3.003133559,-3.473943013,-3.984980844,-4.537800756,-5.128743654,-5.762653031,-6.434755583,-7.146130452,-7.89609482,-8.683520604,-9.505768145,-10.36061924,-11.24564832,-12.1607946,-13.104858,
RR,United States,HIGH CCS,Cumulative Net Fossil|TOTAL,Running Sum of $T,0.004586519,0.012991936,0.024944951,0.041419794,0.059242884,0.070161114,0.071403545,0.060958973,0.035586859,-0.007448162,-0.07047088,-0.156096794,-0.267130507,-0.405800368,-0.573675731,-0.771876886,-0.999656771,-1.259127734,-1.553018141,-1.883574521,-2.248542025,-2.646525645,-3.080280771,-3.548788962,-4.049176271,-4.583881725,-5.151569496,-5.751167225,-6.381673853,-7.042066156,-7.731156606,-8.448778393,-9.192729381,-9.964869125,-10.7656842,
RR,United States,AEO2015 REFERENCE,Emissions by Sector|COMMERCIAL,MEGATONNE,990.3757106,1005.698361,1030.576969,1054.111389,1086.882789,1101.24162,1111.236125,1118.491132,1122.758393,1121.716928,1122.870764,1124.276446,1120.570715,1116.829488,1109.947447,1100.915287,1090.576729,1078.394161,1065.636075,1055.875498,1046.782719,1040.110446,1042.561176,1040.348013,1038.628969,1039.51786,1038.52251,1037.50063,1036.482896,1034.942834,1033.132512,1031.01347,1028.417622,1025.425275,1021.773595,966.8713825
RR,United States,HIGH CCS,Emissions by Sector|COMMERCIAL,MEGATONNE,1020.282344,1013.651338,1017.317018,1031.255198,1047.292221,939.1875873,876.7075423,833.2178241,794.9696221,760.8430524,729.316089,693.1612162,654.9491486,626.5353512,586.1387491,557.6087588,503.7508357,449.3447446,418.3636958,372.6909951,344.8312022,331.6155423,318.349065,303.7775772,265.9658421,243.6975429,234.0051181,223.6041573,209.2845117,198.344678,188.5153149,179.1937635,169.6610554,161.0517155,150.64085,1007.777352
RR,United States,HIGH RENEWABLES,Emissions by Sector|COMMERCIAL,MEGATONNE,1031.596016,1009.260264,1016.312848,1022.322781,1011.260524,887.3098128,832.044205,794.2872946,758.1072846,716.1516725,675.6985303,644.6575134,607.0506609,583.0917111,537.0220299,513.4675025,482.4281376,458.8016581,403.4147171,379.8190518,338.1298062,304.7235912,277.0926626,244.9842042,214.2423205,190.3118374,149.2576376,134.3120606,112.9826035,94.27085014,76.24831654,60.23833003,47.40029413,33.91590714,26.70852581,1004.034767
RR,United States,MIXED,Emissions by Sector|COMMERCIAL,MEGATONNE,1018.293022,997.8330662,993.8177474,990.0673559,991.5449954,867.78522,812.456466,765.6805566,730.1215616,699.9354456,669.3256689,639.3129444,603.355413,572.2797982,539.6683998,526.7971974,479.5480485,441.261017,394.9205125,371.8186061,360.1348577,305.2400352,266.2673768,245.7787494,232.5132616,218.6045069,204.445966,190.214738,174.4082306,133.696654,121.0456509,109.8367849,100.9316117,92.3366637,84.58108535,999.6841248
RR,United States,NUCLEAR,Emissions by Sector|COMMERCIAL,MEGATONNE,1033.968953,997.4882595,983.9668122,977.4990969,969.3439302,826.7402105,755.9754026,709.2679122,662.4022885,619.9669592,581.2187988,548.327515,519.5546298,495.3812154,475.3117527,483.1471107,496.2600705,480.7687339,454.7202769,439.6780803,407.1504757,391.3474514,348.8464093,330.8786917,304.1027958,274.4114148,246.5794039,219.8729047,195.3004694,168.2822994,145.5460951,125.2299892,105.8194229,90.6049252,78.07385101,1023.15638
RR,United States,AEO2015 REFERENCE,Emissions by Sector|PRODUCTIVE,MEGATONNE,1258.52596,1272.300112,1294.13026,1314.077194,1339.233756,1350.333426,1358.399163,1364.814072,1369.670742,1372.289854,1376.936348,1382.936595,1385.793448,1388.698533,1389.171565,1387.175148,1383.349574,1377.80072,1371.357253,1367.022276,1362.863108,1360.516601,1365.381639,1365.803161,1366.643643,1367.931094,1369.112251,1371.034844,1373.809835,1376.377616,1379.146478,1381.728643,1384.154851,1386.130781,1387.724365,1236.890314
RR,United States,HIGH CCS,Emissions by Sector|PRODUCTIVE,MEGATONNE,1285.604984,1283.04704,1291.431844,1307.80617,1326.887718,1243.80478,1196.98652,1160.603923,1129.654224,1102.715627,1079.0799,1050.709941,1020.314339,1000.138049,964.8346136,942.9131222,892.2131007,846.7105166,820.4861417,778.2652547,753.4556141,739.7663154,725.7780369,709.8847506,671.7577176,646.6702882,632.6073108,617.5952868,599.2582492,583.1793227,568.2638629,553.4775627,538.279794,523.6863294,507.1629059,1269.268815
RR,United States,HIGH RENEWABLES,Emissions by Sector|PRODUCTIVE,MEGATONNE,1291.37855,1276.794665,1287.562281,1298.367431,1295.99137,1203.422017,1164.214571,1137.031834,1111.582641,1081.050696,1051.887312,1032.302847,1004.527266,990.6838377,951.4974178,933.2936336,904.9089068,883.4589306,827.6233463,804.6040774,756.3647162,713.5119338,676.0067038,631.9682081,588.0169348,555.7766669,502.4894388,478.3292171,445.5669966,414.9121258,383.8323486,354.1939064,327.6617767,299.3894494,278.3793482,1266.65978
RR,United States,MIXED,Emissions by Sector|PRODUCTIVE,MEGATONNE,1281.151164,1267.700117,1270.282006,1273.575557,1282.128659,1186.342859,1143.633489,1104.191978,1075.393259,1051.739145,1029.001494,1006.898541,978.5289434,955.5503404,929.130901,921.747107,880.3976403,849.1023248,805.6924865,785.0359586,774.3378021,719.2670112,682.338969,660.6995825,644.0676602,626.1723022,606.8147198,587.0666186,565.3769566,517.2649008,497.3080067,478.6417142,461.9034198,444.9208431,428.7577831,1263.024522
RR,United States,NUCLEAR,Emissions by Sector|PRODUCTIVE,MEGATONNE,1309.025704,1281.562493,1276.361061,1277.666681,1278.490914,1159.861203,1102.382617,1062.113884,1021.471811,985.265941,952.697574,926.3049855,903.4876342,884.6479941,868.4772334,881.4997074,899.418087,887.8151455,863.3894088,849.6253593,817.451463,801.3454054,753.5180279,733.3291529,701.6946578,665.0347757,629.7193354,594.8833094,561.2866304,523.6198561,489.4817245,457.4852785,425.4928253,399.1940233,376.2420718,1296.472003
RR,United States,AEO2015 REFERENCE,Emissions by Sector|RESIDENTIAL,MEGATONNE,971.6919386,967.3203565,971.8339736,977.2519756,990.416065,992.1451381,991.0342096,989.3754942,986.8977044,982.246231,981.0306192,982.2531416,980.7217413,980.7525092,979.2530747,976.3242346,972.572291,967.6878757,962.3540195,959.591603,957.7757531,958.0975123,966.5580031,970.9989792,976.1184313,980.3750428,984.7852857,989.6086277,994.7341775,1000.172479,1005.721674,1011.53063,1017.535223,1023.40119,1028.894471,973.6676906
RR,United States,HIGH CCS,Emissions by Sector|RESIDENTIAL,MEGATONNE,1048.28604,1038.11085,1037.93566,1046.88208,1056.112473,953.2898018,885.8995187,830.7261849,778.8231865,733.3398937,694.7923553,657.7897278,621.2484783,593.0495776,554.2261384,524.4164562,471.7816675,419.0403877,386.7670815,339.7730588,309.2690992,292.5912879,276.4751332,259.792262,221.7737898,198.0742549,186.7956981,175.2680293,159.9285961,148.7044655,138.6579052,129.4290062,120.0261122,111.8424524,101.7933388,1049.267686
RR,United States,HIGH RENEWABLES,Emissions by Sector|RESIDENTIAL,MEGATONNE,1058.884675,1034.086451,1037.559291,1039.131644,1024.066501,907.8701236,848.7950267,800.2984319,751.7496371,701.3566249,656.8201454,624.1372278,587.7917014,562.8359371,518.5499888,492.1951024,458.9554392,432.0596802,377.5032567,351.0516497,310.1199842,277.0273689,249.7602602,219.4662017,191.0358417,168.0282912,129.9513324,116.5524156,97.53092455,81.35630077,66.07405189,52.9837897,43.07306462,32.3690847,27.6312994,1045.989462
RR,United States,MIXED,Emissions by Sector|RESIDENTIAL,MEGATONNE,1047.380252,1025.231209,1018.145562,1011.580055,1008.332659,891.0735322,831.2846409,774.4211357,726.2233109,685.038487,647.9557407,615.6491002,580.4829136,549.3679936,516.4113874,499.2769758,452.457074,413.4780075,366.0015682,339.3607114,323.3405931,269.5064611,230.5796911,208.4966592,193.5157133,177.2637413,162.0283073,147.0747538,130.9416597,91.70392537,78.65846553,67.53977834,58.78681468,50.59293638,43.4196305,1042.277499
RR,United States,NUCLEAR,Emissions by Sector|RESIDENTIAL,MEGATONNE,1061.021285,1024.025317,1008.83405,999.8087738,987.9708609,853.9611009,780.9176214,725.0754012,668.7493907,618.7322732,575.6472404,540.8308263,510.5845327,484.4901888,461.3750973,461.6541973,466.7111784,447.6777983,419.0980297,400.4942503,367.0354056,349.0414231,307.4872577,288.8289941,262.6891262,233.3775645,206.5711537,181.1567299,158.1129864,133.4449748,112.8380482,94.63624271,77.3758528,63.96486206,53.04271477,1063.393258
RR,United States,AEO2015 REFERENCE,Emissions by Sector|TRANSPORTATION,MEGATONNE,1929.442981,1920.186152,1921.254329,1917.102396,1911.124454,1901.223738,1888.955368,1873.911138,1857.594902,1827.910435,1810.393204,1795.454044,1782.691954,1772.797733,1765.323055,1759.433938,1745.457778,1743.504664,1744.009536,1747.034938,1752.181754,1750.224731,1761.186241,1773.639764,1778.355786,1794.19702,1811.006527,1828.523841,1846.387703,1864.41041,1882.55101,1900.706762,1919.005312,1937.351557,1955.658972,1922.215772
RR,United States,HIGH CCS,Emissions by Sector|TRANSPORTATION,MEGATONNE,1930.854776,1920.590823,1919.715,1914.089509,1905.852352,1861.861861,1813.66451,1758.970381,1696.824441,1615.445863,1540.743656,1462.324683,1381.00254,1299.631886,1214.603162,1131.386002,1033.609212,939.5881744,853.1033312,762.814888,681.6796195,607.0747761,539.984183,476.0702759,401.0637326,340.086572,289.9732899,243.1647348,197.4404892,157.0496172,120.3279688,85.80065959,52.21027811,19.68419268,-13.98862342,1924.526801
RR,United States,HIGH RENEWABLES,Emissions by Sector|TRANSPORTATION,MEGATONNE,1931.549802,1920.234698,1919.034865,1912.566016,1902.299697,1878.006671,1853.00919,1823.236623,1787.549439,1733.307526,1683.633571,1630.102218,1571.126436,1511.45423,1444.069173,1378.961155,1303.987026,1237.464742,1157.416936,1090.501539,1011.738893,935.4463651,867.7971599,800.5569805,735.6545672,684.0840606,625.3870297,588.9655849,552.2169165,520.9766583,492.96799,468.5657735,448.1020804,427.8510641,413.2382627,1924.205471
RR,United States,MIXED,Emissions by Sector|TRANSPORTATION,MEGATONNE,1931.465255,1920.504681,1919.395201,1913.191611,1904.531639,1861.330151,1817.237341,1767.716388,1713.014743,1641.766707,1577.533351,1511.143974,1441.218737,1370.642827,1298.089029,1232.764665,1143.125253,1061.610965,974.5142323,902.8515579,841.4877966,743.6974166,661.6293071,599.2435097,546.9439422,499.7268073,456.1416995,415.9839996,376.9123115,312.6085724,281.8894765,253.8826619,229.5987367,205.994746,183.5300226,1923.987262
RR,United States,NUCLEAR,Emissions by Sector|TRANSPORTATION,MEGATONNE,1932.905927,1921.10342,1919.679229,1913.91118,1906.122561,1863.035599,1820.723192,1775.664315,1725.843606,1659.980818,1600.551781,1538.624213,1474.66734,1410.142197,1345.904183,1297.36664,1250.481296,1190.488559,1121.564313,1062.249424,985.2240804,923.4311422,836.2985595,779.0345252,711.2835296,642.8918461,581.1544158,524.406882,473.5492189,420.2362322,374.3122024,333.2233223,293.8933529,263.2520917,237.5798375,1925.901075